净值日期,单位净值,日增长率,基金代码
2013-04-18,1.0,0.0,000067
2013-04-19,1.0,0.0,000067
2013-04-26,0.998,-0.2,000067
2013-05-03,1.0,0.2004,000067
2013-05-10,1.004,0.4,000067
2013-05-17,1.008,0.3984,000067
2013-05-20,1.009,0.0992,000067
2013-05-21,1.007,-0.1982,000067
2013-05-22,1.004,-0.2979,000067
2013-05-23,1.002,-0.1992,000067
2013-05-24,1.002,0.0,000067
2013-05-27,1.003,0.0998,000067
2013-05-28,1.008,0.4985,000067
2013-05-29,1.009,0.0992,000067
2013-05-30,1.007,-0.1982,000067
2013-05-31,1.006,-0.0993,000067
2013-06-03,1.006,0.0,000067
2013-06-04,1.002,-0.3976,000067
2013-06-05,1.002,0.0,000067
2013-06-06,0.999,-0.2994,000067
2013-06-07,0.996,-0.3003,000067
2013-06-13,0.987,-0.9036,000067
2013-06-14,0.989,0.2026,000067
2013-06-17,0.99,0.1011,000067
2013-06-18,0.992,0.202,000067
2013-06-19,0.987,-0.504,000067
2013-06-20,0.971,-1.6211,000067
2013-06-21,0.973,0.206,000067
2013-06-24,0.958,-1.5416,000067
2013-06-25,0.965,0.7307,000067
2013-06-26,0.969,0.4145,000067
2013-06-27,0.97,0.1032,000067
2013-06-28,0.971,0.1031,000067
2013-06-30,0.971,0.0,000067
2013-07-01,0.976,0.5149,000067
2013-07-02,0.979,0.3074,000067
2013-07-03,0.977,-0.2043,000067
2013-07-04,0.977,0.0,000067
2013-07-05,0.979,0.2047,000067
2013-07-08,0.973,-0.6129,000067
2013-07-09,0.973,0.0,000067
2013-07-10,0.977,0.4111,000067
2013-07-11,0.982,0.5118,000067
2013-07-12,0.978,-0.4073,000067
2013-07-15,0.982,0.409,000067
2013-07-16,0.982,0.0,000067
2013-07-17,0.977,-0.5092,000067
2013-07-18,0.971,-0.6141,000067
2013-07-19,0.965,-0.6179,000067
2013-07-22,0.966,0.1036,000067
2013-07-23,0.973,0.7246,000067
2013-07-24,0.973,0.0,000067
2013-07-25,0.971,-0.2055,000067
2013-07-26,0.971,0.0,000067
2013-07-29,0.966,-0.5149,000067
2013-07-30,0.966,0.0,000067
2013-07-31,0.967,0.1035,000067
2013-08-01,0.973,0.6205,000067
2013-08-02,0.974,0.1028,000067
2013-08-05,0.98,0.616,000067
2013-08-06,0.989,0.9184,000067
2013-08-07,0.985,-0.4044,000067
2013-08-08,0.986,0.1015,000067
2013-08-09,0.989,0.3043,000067
2013-08-12,0.994,0.5056,000067
2013-08-13,0.993,-0.1006,000067
2013-08-14,0.994,0.1007,000067
2013-08-15,0.986,-0.8048,000067
2013-08-16,0.981,-0.5071,000067
2013-08-19,0.989,0.8155,000067
2013-08-20,0.989,0.0,000067
2013-08-21,0.983,-0.6067,000067
2013-08-22,0.984,0.1017,000067
2013-08-23,0.982,-0.2033,000067
2013-08-26,0.99,0.8147,000067
2013-08-27,0.991,0.101,000067
2013-08-28,0.991,0.0,000067
2013-08-29,0.989,-0.2018,000067
2013-08-30,0.99,0.1011,000067
2013-09-02,0.994,0.404,000067
2013-09-03,1.003,0.9054,000067
2013-09-04,1.001,-0.1994,000067
2013-09-05,1.001,0.0,000067
2013-09-06,1.001,0.0,000067
2013-09-09,1.015,1.3986,000067
2013-09-10,1.018,0.2956,000067
2013-09-11,1.018,0.0,000067
2013-09-12,1.019,0.0982,000067
2013-09-13,1.015,-0.3925,000067
2013-09-16,1.009,-0.5911,000067
2013-09-17,1.002,-0.6938,000067
2013-09-18,1.002,0.0,000067
2013-09-23,1.011,0.8982,000067
2013-09-24,1.009,-0.1978,000067
2013-09-25,1.004,-0.4955,000067
2013-09-26,0.991,-1.2948,000067
2013-09-27,0.987,-0.4036,000067
2013-09-30,0.99,0.304,000067
2013-10-08,0.994,0.404,000067
2013-10-09,0.997,0.3018,000067
2013-10-10,0.992,-0.5015,000067
2013-10-11,1.0,0.8065,000067
2013-10-14,1.002,0.2,000067
2013-10-15,1.001,-0.0998,000067
2013-10-16,0.995,-0.5994,000067
2013-10-17,0.992,-0.3015,000067
2013-10-18,0.992,0.0,000067
2013-10-21,1.003,1.1089,000067
2013-10-22,0.999,-0.3988,000067
2013-10-23,0.992,-0.7007,000067
2013-10-24,0.985,-0.7056,000067
2013-10-25,0.971,-1.4213,000067
2013-10-28,0.965,-0.6179,000067
2013-10-29,0.963,-0.2073,000067
2013-10-30,0.976,1.3499,000067
2013-10-31,0.966,-1.0246,000067
2013-11-01,0.972,0.6211,000067
2013-11-04,0.973,0.1029,000067
2013-11-05,0.972,-0.1028,000067
2013-11-06,0.963,-0.9259,000067
2013-11-07,0.958,-0.5192,000067
2013-11-08,0.952,-0.6263,000067
2013-11-11,0.956,0.4202,000067
2013-11-12,0.959,0.3138,000067
2013-11-13,0.943,-1.6684,000067
2013-11-14,0.947,0.4242,000067
2013-11-15,0.949,0.2112,000067
2013-11-18,0.968,2.0021,000067
2013-11-19,0.964,-0.4132,000067
2013-11-20,0.964,0.0,000067
2013-11-21,0.96,-0.4149,000067
2013-11-22,0.963,0.3125,000067
2013-11-25,0.956,-0.7269,000067
2013-11-26,0.952,-0.4184,000067
2013-11-27,0.959,0.7353,000067
2013-11-28,0.964,0.5214,000067
2013-11-29,0.964,0.0,000067
2013-12-02,0.959,-0.5187,000067
2013-12-03,0.973,1.4599,000067
2013-12-04,0.984,1.1305,000067
2013-12-05,0.982,-0.2033,000067
2013-12-06,0.978,-0.4073,000067
2013-12-09,0.976,-0.2045,000067
2013-12-10,0.975,-0.1025,000067
2013-12-11,0.964,-1.1282,000067
2013-12-12,0.964,0.0,000067
2013-12-13,0.962,-0.2075,000067
2013-12-16,0.948,-1.4553,000067
2013-12-17,0.943,-0.5274,000067
2013-12-18,0.938,-0.5302,000067
2013-12-19,0.922,-1.7058,000067
2013-12-20,0.916,-0.6508,000067
2013-12-23,0.917,0.1092,000067
2013-12-24,0.921,0.4362,000067
2013-12-25,0.928,0.76,000067
2013-12-26,0.92,-0.8621,000067
2013-12-27,0.924,0.4348,000067
2013-12-30,0.92,-0.4329,000067
2013-12-31,0.923,0.3261,000067
2014-01-02,0.928,0.5417,000067
2014-01-03,0.921,-0.7543,000067
2014-01-06,0.904,-1.8458,000067
2014-01-07,0.904,0.0,000067
2014-01-08,0.902,-0.2212,000067
2014-01-09,0.898,-0.4435,000067
2014-01-10,0.891,-0.7795,000067
2014-01-13,0.89,-0.1122,000067
2014-01-14,0.896,0.6742,000067
2014-01-15,0.893,-0.3348,000067
2014-01-16,0.891,-0.224,000067
2014-01-17,0.885,-0.6734,000067
2014-01-20,0.873,-1.3559,000067
2014-01-21,0.878,0.5727,000067
2014-01-22,0.894,1.8223,000067
2014-01-23,0.896,0.2237,000067
2014-01-24,0.898,0.2232,000067
2014-01-27,0.892,-0.6682,000067
2014-01-28,0.896,0.4484,000067
2014-01-29,0.903,0.7813,000067
2014-01-30,0.899,-0.443,000067
2014-02-07,0.896,-0.3337,000067
2014-02-10,0.913,1.8973,000067
2014-02-11,0.914,0.1095,000067
2014-02-12,0.917,0.3282,000067
2014-02-13,0.916,-0.1091,000067
2014-02-14,0.921,0.5459,000067
2014-02-17,0.925,0.4343,000067
2014-02-18,0.918,-0.7568,000067
2014-02-19,0.919,0.1089,000067
2014-02-20,0.938,2.0675,000067
2014-02-21,0.925,-1.3859,000067
2014-02-24,0.915,-1.0811,000067
2014-02-25,0.908,-0.765,000067
2014-02-26,0.913,0.5507,000067
2014-02-27,0.916,0.3286,000067
2014-02-28,0.921,0.5459,000067
2014-03-03,0.928,0.76,000067
2014-03-04,0.922,-0.6466,000067
2014-03-05,0.914,-0.8677,000067
2014-03-06,0.917,0.3282,000067
2014-03-07,0.923,0.6543,000067
2014-03-10,0.909,-1.5168,000067
2014-03-11,0.908,-0.11,000067
2014-03-12,0.899,-0.9912,000067
2014-03-13,0.909,1.1123,000067
2014-03-14,0.911,0.22,000067
2014-03-17,0.917,0.6586,000067
2014-03-18,0.919,0.2181,000067
2014-03-19,0.913,-0.6529,000067
2014-03-20,0.906,-0.7667,000067
2014-03-21,0.914,0.883,000067
2014-03-24,0.912,-0.2188,000067
2014-03-25,0.914,0.2193,000067
2014-03-26,0.915,0.1094,000067
2014-03-27,0.908,-0.765,000067
2014-03-28,0.898,-1.1013,000067
2014-03-31,0.896,-0.2227,000067
2014-04-01,0.902,0.6696,000067
2014-04-02,0.903,0.1109,000067
2014-04-03,0.899,-0.443,000067
2014-04-04,0.904,0.5562,000067
2014-04-08,0.915,1.2168,000067
2014-04-09,0.924,0.9836,000067
2014-04-10,0.935,1.1905,000067
2014-04-11,0.934,-0.107,000067
2014-04-14,0.939,0.5353,000067
2014-04-15,0.931,-0.852,000067
2014-04-16,0.925,-0.6445,000067
2014-04-17,0.924,-0.1081,000067
2014-04-18,0.926,0.2165,000067
2014-04-21,0.917,-0.9719,000067
2014-04-22,0.917,0.0,000067
2014-04-23,0.913,-0.4362,000067
2014-04-24,0.908,-0.5476,000067
2014-04-25,0.9,-0.8811,000067
2014-04-28,0.884,-1.7778,000067
2014-04-29,0.881,-0.3394,000067
2014-04-30,0.888,0.7946,000067
2014-05-05,0.89,0.2252,000067
2014-05-06,0.893,0.3371,000067
2014-05-07,0.888,-0.5599,000067
2014-05-08,0.887,-0.1126,000067
2014-05-09,0.886,-0.1127,000067
2014-05-12,0.896,1.1287,000067
2014-05-13,0.895,-0.1116,000067
2014-05-14,0.895,0.0,000067
2014-05-15,0.886,-1.0056,000067
2014-05-16,0.884,-0.2257,000067
2014-05-19,0.874,-1.1312,000067
2014-05-20,0.875,0.1144,000067
2014-05-21,0.884,1.0286,000067
2014-05-22,0.886,0.2262,000067
2014-05-23,0.893,0.7901,000067
2014-05-26,0.894,0.112,000067
2014-05-27,0.894,0.0,000067
2014-05-28,0.902,0.8949,000067
2014-05-29,0.903,0.1109,000067
2014-05-30,0.902,-0.1107,000067
2014-06-03,0.906,0.4435,000067
2014-06-04,0.901,-0.5519,000067
2014-06-05,0.904,0.333,000067
2014-06-06,0.907,0.3319,000067
2014-06-09,0.907,0.0,000067
2014-06-10,0.916,0.9923,000067
2014-06-11,0.92,0.4367,000067
2014-06-12,0.921,0.1087,000067
2014-06-13,0.935,1.5201,000067
2014-06-16,0.943,0.8556,000067
2014-06-17,0.926,-1.8028,000067
2014-06-18,0.918,-0.8639,000067
2014-06-19,0.91,-0.8715,000067
2014-06-20,0.917,0.7692,000067
2014-06-23,0.919,0.2181,000067
2014-06-24,0.921,0.2176,000067
2014-06-25,0.925,0.4343,000067
2014-06-26,0.94,1.6216,000067
2014-06-27,0.941,0.1064,000067
2014-06-30,0.942,0.1063,000067
2014-07-01,0.928,-1.4862,000067
2014-07-02,0.929,0.1078,000067
2014-07-03,0.936,0.7535,000067
2014-07-04,0.926,-1.0684,000067
2014-07-07,0.921,-0.54,000067
2014-07-08,0.927,0.6515,000067
2014-07-09,0.915,-1.2945,000067
2014-07-10,0.913,-0.2186,000067
2014-07-11,0.916,0.3286,000067
2014-07-14,0.923,0.7642,000067
2014-07-15,0.922,-0.1083,000067
2014-07-16,0.918,-0.4338,000067
2014-07-17,0.91,-0.8715,000067
2014-07-18,0.912,0.2198,000067
2014-07-21,0.905,-0.7675,000067
2014-07-22,0.922,1.8785,000067
2014-07-23,0.921,-0.1085,000067
2014-07-24,0.928,0.76,000067
2014-07-25,0.928,0.0,000067
2014-07-28,0.943,1.6164,000067
2014-07-29,0.944,0.106,000067
2014-07-30,0.947,0.3178,000067
2014-07-31,0.951,0.4224,000067
2014-08-01,0.956,0.5258,000067
2014-08-04,0.965,0.9414,000067
2014-08-05,0.959,-0.6218,000067
2014-08-06,0.956,-0.3128,000067
2014-08-07,0.94,-1.6736,000067
2014-08-08,0.946,0.6383,000067
2014-08-11,0.966,2.1142,000067
2014-08-12,0.97,0.4141,000067
2014-08-13,0.966,-0.4124,000067
2014-08-14,0.959,-0.7246,000067
2014-08-15,0.971,1.2513,000067
2014-08-18,0.979,0.8239,000067
2014-08-19,0.984,0.5107,000067
2014-08-20,0.984,0.0,000067
2014-08-21,0.975,-0.9146,000067
2014-08-22,0.975,0.0,000067
2014-08-25,0.977,0.2051,000067
2014-08-26,0.975,-0.2047,000067
2014-08-27,0.975,0.0,000067
2014-08-28,0.978,0.3077,000067
2014-08-29,0.991,1.3292,000067
2014-09-01,1.009,1.8163,000067
2014-09-02,1.023,1.3875,000067
2014-09-03,1.052,2.8348,000067
2014-09-04,1.058,0.5703,000067
2014-09-05,1.064,0.5671,000067
2014-09-09,1.053,-1.0338,000067
2014-09-10,1.047,-0.5698,000067
2014-09-11,1.039,-0.7641,000067
2014-09-12,1.054,1.4437,000067
2014-09-15,1.03,-2.277,000067
2014-09-16,0.989,-3.9806,000067
2014-09-17,0.989,0.0,000067
2014-09-18,0.997,0.8089,000067
2014-09-19,1.007,1.003,000067
2014-09-22,0.972,-3.4757,000067
2014-09-23,0.984,1.2346,000067
2014-09-24,1.017,3.3537,000067
2014-09-25,1.018,0.0983,000067
2014-09-26,1.006,-1.1788,000067
2014-09-29,1.003,-0.2982,000067
2014-09-30,1.006,0.2991,000067
2014-10-08,1.003,-0.2982,000067
2014-10-09,1.012,0.8973,000067
2014-10-10,0.992,-1.9763,000067
2014-10-13,0.981,-1.1089,000067
2014-10-14,0.975,-0.6116,000067
2014-10-15,0.978,0.3077,000067
2014-10-16,0.971,-0.7157,000067
2014-10-17,0.97,-0.103,000067
2014-10-20,0.986,1.6495,000067
2014-10-21,0.98,-0.6085,000067
2014-10-22,0.984,0.4082,000067
2014-10-23,0.983,-0.1016,000067
2014-10-24,0.981,-0.2035,000067
2014-10-27,0.971,-1.0194,000067
2014-10-28,0.99,1.9567,000067
2014-10-29,1.023,3.3333,000067
2014-10-30,1.051,2.737,000067
2014-10-31,1.089,3.6156,000067
2014-11-03,1.093,0.3673,000067
2014-11-04,1.096,0.2745,000067
2014-11-05,1.086,-0.9124,000067
2014-11-06,1.093,0.6446,000067
2014-11-07,1.11,1.5554,000067
2014-11-10,1.16,4.5045,000067
2014-11-11,1.15,-0.8621,000067
2014-11-12,1.167,1.4783,000067
2014-11-13,1.163,-0.3428,000067
2014-11-14,1.137,-2.2356,000067
2014-11-17,1.117,-1.759,000067
2014-11-18,1.085,-2.8648,000067
2014-11-19,1.089,0.3687,000067
2014-11-20,1.103,1.2856,000067
2014-11-21,1.127,2.1759,000067
2014-11-24,1.156,2.5732,000067
2014-11-25,1.164,0.692,000067
2014-11-26,1.181,1.4605,000067
2014-11-27,1.188,0.5927,000067
2014-11-28,1.209,1.7677,000067
2014-12-01,1.204,-0.4136,000067
2014-12-02,1.262,4.8173,000067
2014-12-03,1.259,-0.2377,000067
2014-12-04,1.329,5.56,000067
2014-12-05,1.373,3.3108,000067
2014-12-08,1.414,2.9862,000067
2014-12-09,1.268,-10.3253,000067
2014-12-10,1.312,3.47,000067
2014-12-11,1.25,-4.7256,000067
2014-12-12,1.254,0.32,000067
2014-12-15,1.261,0.5582,000067
2014-12-16,1.326,5.1546,000067
2014-12-17,1.347,1.5837,000067
2014-12-18,1.359,0.8909,000067
2014-12-19,1.388,2.1339,000067
2014-12-22,1.445,4.1066,000067
2014-12-23,1.387,-4.0138,000067
2014-12-24,1.328,-4.2538,000067
2014-12-25,1.367,2.9367,000067
2014-12-26,1.419,3.804,000067
2014-12-29,1.438,1.339,000067
2014-12-30,1.435,-0.2086,000067
2014-12-31,1.493,4.0418,000067
2015-01-05,1.599,7.0998,000067
2015-01-06,1.612,0.813,000067
2015-01-07,1.68,4.2184,000067
2015-01-08,1.62,-3.5714,000067
2015-01-09,1.629,0.5556,000067
2015-01-12,1.595,-2.0872,000067
2015-01-13,1.593,-0.1254,000067
2015-01-14,1.604,0.6905,000067
2015-01-15,1.658,3.3666,000067
2015-01-16,1.682,1.4475,000067
2015-01-19,1.57,-6.6587,000067
2015-01-20,1.58,0.6369,000067
2015-01-21,1.654,4.6835,000067
2015-01-22,1.658,0.2418,000067
2015-01-23,1.659,0.0603,000067
2015-01-26,1.64,-1.1453,000067
2015-01-27,1.617,-1.4024,000067
2015-01-28,1.579,-2.35,000067
2015-01-29,1.556,-1.4566,000067
2015-01-30,1.533,-1.4781,000067
2015-02-02,1.452,-5.2838,000067
2015-02-03,1.471,1.3085,000067
2015-02-04,1.455,-1.0877,000067
2015-02-05,1.443,-0.8247,000067
2015-02-06,1.422,-1.4553,000067
2015-02-09,1.415,-0.4923,000067
2015-02-10,1.029,0.9894,000067
2015-02-11,1.038,0.8746,000067
2015-02-12,1.037,-0.0963,000067
2015-02-13,1.051,1.35,000067
2015-02-16,1.058,0.666,000067
2015-02-17,1.062,0.3781,000067
2015-02-25,1.045,-1.6008,000067
2015-02-26,1.055,0.9569,000067
2015-02-27,1.053,-0.1896,000067
2015-03-02,1.056,0.2849,000067
2015-03-03,1.039,-1.6098,000067
2015-03-04,1.044,0.4812,000067
2015-03-05,1.046,0.1916,000067
2015-03-06,1.04,-0.5736,000067
2015-03-09,1.04,0.0,000067
2015-03-10,1.045,0.4808,000067
2015-03-11,1.042,-0.2871,000067
2015-03-12,1.042,0.0,000067
2015-03-13,1.05,0.7678,000067
2015-03-16,1.079,2.7619,000067
2015-03-17,1.096,1.5755,000067
2015-03-18,1.102,0.5474,000067
2015-03-19,1.106,0.363,000067
2015-03-20,1.119,1.1754,000067
2015-03-23,1.145,2.3235,000067
2015-03-24,1.137,-0.6987,000067
2015-03-25,1.126,-0.9675,000067
2015-03-26,1.107,-1.6874,000067
2015-03-27,1.112,0.4517,000067
2015-03-30,1.114,0.1799,000067
2015-03-31,1.107,-0.6284,000067
2015-04-01,1.128,1.897,000067
2015-04-02,1.156,2.4823,000067
2015-04-03,1.186,2.5952,000067
2015-04-07,1.214,2.3609,000067
2015-04-08,1.2,-1.1532,000067
2015-04-09,1.187,-1.0833,000067
2015-04-10,1.203,1.3479,000067
2015-04-13,1.223,1.6625,000067
2015-04-14,1.207,-1.3083,000067
2015-04-15,1.174,-2.7341,000067
2015-04-16,1.183,0.7666,000067
2015-04-17,1.213,2.5359,000067
2015-04-20,1.191,-1.8137,000067
2015-04-21,1.219,2.351,000067
2015-04-22,1.31,7.4651,000067
2015-04-23,1.304,-0.458,000067
2015-04-24,1.31,0.4601,000067
2015-04-27,1.332,1.6794,000067
2015-04-28,1.269,-4.7297,000067
2015-04-29,1.294,1.9701,000067
2015-04-30,1.299,0.3864,000067
2015-05-04,1.294,-0.3849,000067
2015-05-05,1.251,-3.323,000067
2015-05-06,1.237,-1.1191,000067
2015-05-07,1.248,0.8892,000067
2015-05-08,1.267,1.5224,000067
2015-05-11,1.326,4.6567,000067
2015-05-12,1.386,4.5249,000067
2015-05-13,1.351,-2.5253,000067
2015-05-14,1.369,1.3323,000067
2015-05-15,1.373,0.2922,000067
2015-05-18,1.407,2.4763,000067
2015-05-19,1.415,0.5686,000067
2015-05-20,1.433,1.2721,000067
2015-05-21,1.46,1.8842,000067
2015-05-22,1.474,0.9589,000067
2015-05-25,1.545,4.8168,000067
2015-05-26,1.629,5.4369,000067
2015-05-27,1.609,-1.2277,000067
2015-05-28,1.512,-6.0286,000067
2015-05-29,1.542,1.9841,000067
2015-06-01,1.654,7.2633,000067
2015-06-02,1.662,0.4837,000067
2015-06-03,1.64,-1.3237,000067
2015-06-04,1.657,1.0366,000067
2015-06-05,1.654,-0.1811,000067
2015-06-08,1.644,-0.6046,000067
2015-06-09,1.645,0.0608,000067
2015-06-10,1.601,-2.6748,000067
2015-06-11,1.576,-1.5615,000067
2015-06-12,1.587,0.698,000067
2015-06-15,1.576,-0.6931,000067
2015-06-16,1.501,-4.7589,000067
2015-06-17,1.51,0.5996,000067
2015-06-18,1.433,-5.0993,000067
2015-06-19,1.343,-6.2805,000067
2015-06-23,1.329,-1.0424,000067
2015-06-24,1.374,3.386,000067
2015-06-25,1.304,-5.0946,000067
2015-06-26,1.144,-12.2699,000067
2015-06-29,1.055,-7.7797,000067
2015-06-30,1.145,8.5308,000067
2015-07-01,1.04,-9.1703,000067
2015-07-02,0.971,-6.6346,000067
2015-07-03,0.99,1.9567,000067
2015-07-06,1.006,1.6162,000067
2015-07-07,0.901,-10.4374,000067
2015-07-08,0.781,-13.3185,000067
2015-07-09,0.878,12.42,000067
2015-07-10,0.94,7.0615,000067
2015-07-13,0.951,1.1702,000067
2015-07-14,0.932,-1.9979,000067
2015-07-15,0.877,-5.9013,000067
2015-07-16,0.872,-0.5701,000067
2015-07-17,0.907,4.0138,000067
2015-07-20,0.938,3.4179,000067
2015-07-21,0.958,2.1322,000067
2015-07-22,0.959,0.1044,000067
2015-07-23,1.01,5.318,000067
2015-07-24,0.98,-2.9703,000067
2015-07-27,0.87,-11.2245,000067
2015-07-28,0.869,-0.1149,000067
2015-07-29,0.902,3.7975,000067
2015-07-30,0.866,-3.9911,000067
2015-07-31,0.842,-2.7714,000067
2015-08-03,0.811,-3.6817,000067
2015-08-04,0.86,6.0419,000067
2015-08-05,0.85,-1.1628,000067
2015-08-06,0.85,0.0,000067
2015-08-07,0.891,4.8235,000067
2015-08-10,0.954,7.0707,000067
2015-08-11,0.925,-3.0398,000067
2015-08-12,0.897,-3.027,000067
2015-08-13,0.924,3.01,000067
2015-08-14,0.917,-0.7576,000067
2015-08-17,0.908,-0.9815,000067
2015-08-18,0.841,-7.3789,000067
2015-08-19,0.851,1.1891,000067
2015-08-20,0.827,-2.8202,000067
2015-08-21,0.796,-3.7485,000067
2015-08-24,0.71,-10.804,000067
2015-08-25,0.688,-3.0986,000067
2015-08-26,0.694,0.8721,000067
2015-08-27,0.725,4.4669,000067
2015-08-28,0.75,3.4483,000067
2015-08-31,0.734,-2.1333,000067
2015-09-01,0.711,-3.1335,000067
2015-09-02,0.702,-1.2658,000067
2015-09-07,0.712,1.4245,000067
2015-09-08,0.746,4.7753,000067
2015-09-09,0.766,2.681,000067
2015-09-10,0.749,-2.2193,000067
2015-09-11,0.756,0.9346,000067
2015-09-14,0.726,-3.9683,000067
2015-09-15,0.707,-2.6171,000067
2015-09-16,0.741,4.8091,000067
2015-09-17,0.737,-0.5398,000067
2015-09-18,0.745,1.0855,000067
2015-09-21,0.775,4.0268,000067
2015-09-22,0.776,0.129,000067
2015-09-23,0.77,-0.7732,000067
2015-09-24,0.774,0.5195,000067
2015-09-25,0.76,-1.8088,000067
2015-09-28,0.767,0.9211,000067
2015-09-29,0.753,-1.8253,000067
2015-09-30,0.758,0.664,000067
2015-10-08,0.769,1.4512,000067
2015-10-09,0.774,0.6502,000067
2015-10-12,0.793,2.4548,000067
2015-10-13,0.796,0.3783,000067
2015-10-14,0.791,-0.6281,000067
2015-10-15,0.806,1.8963,000067
2015-10-16,0.819,1.6129,000067
2015-10-19,0.816,-0.3663,000067
2015-10-20,0.822,0.7353,000067
2015-10-21,0.806,-1.9465,000067
2015-10-22,0.814,0.9926,000067
2015-10-23,0.822,0.9828,000067
2015-10-26,0.827,0.6083,000067
2015-10-27,0.828,0.1209,000067
2015-10-28,0.822,-0.7246,000067
2015-10-29,0.82,-0.2433,000067
2015-10-30,0.823,0.3659,000067
2015-11-02,0.812,-1.3366,000067
2015-11-03,0.813,0.1232,000067
2015-11-04,0.833,2.46,000067
2015-11-05,0.836,0.3601,000067
2015-11-06,0.852,1.9139,000067
2015-11-09,0.847,-0.5869,000067
2015-11-10,0.853,0.7084,000067
2015-11-11,0.854,0.1172,000067
2015-11-12,0.853,-0.1171,000067
2015-11-13,0.846,-0.8206,000067
2015-11-16,0.849,0.3546,000067
2015-11-17,0.844,-0.5889,000067
2015-11-18,0.835,-1.0664,000067
2015-11-19,0.845,1.1976,000067
2015-11-20,0.846,0.1183,000067
2015-11-23,0.843,-0.3546,000067
2015-11-24,0.843,0.0,000067
2015-11-25,0.846,0.3559,000067
2015-11-26,0.845,-0.1182,000067
2015-11-27,0.838,-0.8284,000067
2015-11-30,0.838,0.0,000067
2015-12-01,0.839,0.1193,000067
2015-12-02,0.844,0.5959,000067
2015-12-03,0.846,0.237,000067
2015-12-04,0.842,-0.4728,000067
2015-12-07,0.879,4.3943,000067
2015-12-08,0.864,-1.7065,000067
2015-12-09,0.848,-1.8519,000067
2015-12-10,0.846,-0.2358,000067
2015-12-11,0.84,-0.7092,000067
2015-12-14,0.859,2.2619,000067
2015-12-15,0.854,-0.5821,000067
2015-12-16,0.856,0.2342,000067
2015-12-17,0.862,0.7009,000067
2015-12-18,0.859,-0.348,000067
2015-12-21,0.867,0.9313,000067
2015-12-22,0.869,0.2307,000067
2015-12-23,0.871,0.2301,000067
2015-12-24,0.869,-0.2296,000067
2015-12-25,0.869,0.0,000067
2015-12-28,0.851,-2.0713,000067
2015-12-29,0.851,0.0,000067
2015-12-30,0.845,-0.7051,000067
2015-12-31,0.844,-0.1183,000067
2016-01-04,0.807,-4.3839,000067
2016-01-05,0.795,-1.487,000067
2016-01-06,0.797,0.2516,000067
2016-01-07,0.766,-3.8896,000067
2016-01-08,0.768,0.2611,000067
2016-01-11,0.74,-3.6458,000067
2016-01-12,0.756,2.1622,000067
2016-01-13,0.753,-0.3968,000067
2016-01-14,0.77,2.2576,000067
2016-01-15,0.759,-1.4286,000067
2016-01-18,0.741,-2.3715,000067
2016-01-19,0.712,-3.9136,000067
2016-01-20,0.668,-6.1798,000067
2016-01-21,0.659,-1.3473,000067
2016-01-22,0.664,0.7587,000067
2016-01-25,0.681,2.5602,000067
2016-01-26,0.653,-4.1116,000067
2016-01-27,0.656,0.4594,000067
2016-01-28,0.657,0.1524,000067
2016-01-29,0.672,2.2831,000067
2016-02-01,0.668,-0.5952,000067
2016-02-02,0.681,1.9461,000067
2016-02-03,0.68,-0.1468,000067
2016-02-04,0.688,1.1765,000067
2016-02-05,0.681,-1.0174,000067
2016-02-15,0.677,-0.5874,000067
2016-02-16,0.701,3.5451,000067
2016-02-17,0.712,1.5692,000067
2016-02-18,0.714,0.2809,000067
2016-02-19,0.714,0.0,000067
2016-02-22,0.719,0.7003,000067
2016-02-23,0.712,-0.9736,000067
2016-02-24,0.704,-1.1236,000067
2016-02-25,0.677,-3.8352,000067
2016-02-26,0.675,-0.2954,000067
2016-02-29,0.661,-2.0741,000067
2016-03-01,0.668,1.059,000067
2016-03-02,0.696,4.1916,000067
2016-03-03,0.69,-0.8621,000067
2016-03-04,0.685,-0.7246,000067
2016-03-07,0.687,0.292,000067
2016-03-08,0.689,0.2911,000067
2016-03-09,0.686,-0.4354,000067
2016-03-10,0.676,-1.4577,000067
2016-03-11,0.677,0.1479,000067
2016-03-14,0.684,1.034,000067
2016-03-15,0.683,-0.1462,000067
2016-03-16,0.683,0.0,000067
2016-03-17,0.692,1.3177,000067
2016-03-18,0.709,2.4566,000067
2016-03-21,0.72,1.5515,000067
2016-03-22,0.716,-0.5556,000067
2016-03-23,0.717,0.1397,000067
2016-03-24,0.711,-0.8368,000067
2016-03-25,0.716,0.7032,000067
2016-03-28,0.71,-0.838,000067
2016-03-29,0.703,-0.9859,000067
2016-03-30,0.712,1.2802,000067
2016-03-31,0.707,-0.7022,000067
2016-04-01,0.707,0.0,000067
2016-04-05,0.716,1.273,000067
2016-04-06,0.713,-0.419,000067
2016-04-07,0.707,-0.8415,000067
2016-04-08,0.702,-0.7072,000067
2016-04-11,0.708,0.8547,000067
2016-04-12,0.707,-0.1412,000067
2016-04-13,0.713,0.8487,000067
2016-04-14,0.715,0.2805,000067
2016-04-15,0.71,-0.6993,000067
2016-04-18,0.704,-0.8451,000067
2016-04-19,0.707,0.4261,000067
2016-04-20,0.696,-1.5559,000067
2016-04-21,0.689,-1.0057,000067
2016-04-22,0.689,0.0,000067
2016-04-25,0.682,-1.016,000067
2016-04-26,0.678,-0.5865,000067
2016-04-27,0.678,0.0,000067
2016-04-28,0.674,-0.59,000067
2016-04-29,0.672,-0.2967,000067
2016-05-03,0.681,1.3393,000067
2016-05-04,0.683,0.2937,000067
2016-05-05,0.681,-0.2928,000067
2016-05-06,0.672,-1.3216,000067
2016-05-09,0.661,-1.6369,000067
2016-05-10,0.663,0.3026,000067
2016-05-11,0.659,-0.6033,000067
2016-05-12,0.662,0.4552,000067
2016-05-13,0.661,-0.1511,000067
2016-05-16,0.668,1.059,000067
2016-05-17,0.666,-0.2994,000067
2016-05-18,0.662,-0.6006,000067
2016-05-19,0.656,-0.9063,000067
2016-05-20,0.656,0.0,000067
2016-05-23,0.66,0.6098,000067
2016-05-24,0.659,-0.1515,000067
2016-05-25,0.656,-0.4552,000067
2016-05-26,0.656,0.0,000067
2016-05-27,0.656,0.0,000067
2016-05-30,0.655,-0.1524,000067
2016-05-31,0.669,2.1374,000067
2016-06-01,0.668,-0.1495,000067
2016-06-02,0.668,0.0,000067
2016-06-03,0.67,0.2994,000067
2016-06-06,0.671,0.1493,000067
2016-06-07,0.66,-1.6393,000067
2016-06-08,0.66,0.0,000067
2016-06-13,0.653,-1.0606,000067
2016-06-14,0.655,0.3063,000067
2016-06-15,0.661,0.916,000067
2016-06-16,0.658,-0.4539,000067
2016-06-17,0.658,0.0,000067
2016-06-20,0.659,0.152,000067
2016-06-21,0.659,0.0,000067
2016-06-22,0.661,0.3035,000067
2016-06-23,0.661,0.0,000067
2016-06-24,0.659,-0.3026,000067
2016-06-27,0.663,0.607,000067
2016-06-28,0.665,0.3017,000067
2016-06-29,0.667,0.3008,000067
2016-06-30,0.666,-0.1499,000067
2016-07-01,0.666,0.0,000067
2016-07-04,0.676,1.5015,000067
2016-07-05,0.68,0.5917,000067
2016-07-06,0.683,0.4412,000067
2016-07-07,0.679,-0.5857,000067
2016-07-08,0.679,0.0,000067
2016-07-11,0.678,-0.1473,000067
2016-07-12,0.682,0.59,000067
2016-07-13,0.691,1.3196,000067
2016-07-14,0.692,0.1447,000067
2016-07-15,0.689,-0.4335,000067
2016-07-18,0.685,-0.5806,000067
2016-07-19,0.683,-0.292,000067
2016-07-20,0.682,-0.1464,000067
2016-07-21,0.687,0.7331,000067
2016-07-22,0.686,-0.1456,000067
2016-07-25,0.685,-0.1458,000067
2016-07-26,0.687,0.292,000067
2016-07-27,0.679,-1.1645,000067
2016-07-28,0.673,-0.8837,000067
2016-07-29,0.666,-1.0401,000067
2016-08-01,0.66,-0.9009,000067
2016-08-02,0.664,0.6061,000067
2016-08-03,0.668,0.6024,000067
2016-08-04,0.671,0.4491,000067
2016-08-05,0.671,0.0,000067
2016-08-08,0.66,-1.6393,000067
2016-08-09,0.675,2.2727,000067
2016-08-10,0.674,-0.1481,000067
2016-08-11,0.675,0.1484,000067
2016-08-12,0.68,0.7407,000067
2016-08-15,0.703,3.3824,000067
2016-08-16,0.704,0.1422,000067
2016-08-17,0.7,-0.5682,000067
2016-08-18,0.704,0.5714,000067
2016-08-19,0.705,0.142,000067
2016-08-22,0.698,-0.9929,000067
2016-08-23,0.696,-0.2865,000067
2016-08-24,0.694,-0.2874,000067
2016-08-25,0.694,0.0,000067
2016-08-26,0.694,0.0,000067
2016-08-29,0.693,-0.1441,000067
2016-08-30,0.692,-0.1443,000067
2016-08-31,0.693,0.1445,000067
2016-09-01,0.69,-0.4329,000067
2016-09-02,0.691,0.1449,000067
2016-09-05,0.692,0.1447,000067
2016-09-06,0.696,0.578,000067
2016-09-07,0.697,0.1437,000067
2016-09-08,0.697,0.0,000067
2016-09-09,0.696,-0.1435,000067
2016-09-12,0.691,-0.7184,000067
2016-09-13,0.691,0.0,000067
2016-09-14,0.689,-0.2894,000067
2016-09-19,0.69,0.1451,000067
2016-09-20,0.689,-0.1449,000067
2016-09-21,0.69,0.1451,000067
2016-09-22,0.692,0.2899,000067
2016-09-23,0.692,0.0,000067
2016-09-26,0.688,-0.578,000067
2016-09-27,0.688,0.0,000067
2016-09-28,0.688,0.0,000067
2016-09-29,0.689,0.1453,000067
2016-09-30,0.689,0.0,000067
2016-10-10,0.692,0.4354,000067
2016-10-11,0.692,0.0,000067
2016-10-12,0.691,-0.1445,000067
2016-10-13,0.691,0.0,000067
2016-10-14,0.692,0.1447,000067
2016-10-17,0.691,-0.1445,000067
2016-10-18,0.695,0.5789,000067
2016-10-19,0.695,0.0,000067
2016-10-20,0.696,0.1439,000067
2016-10-21,0.697,0.1437,000067
2016-10-24,0.701,0.5739,000067
2016-10-25,0.7,-0.1427,000067
2016-10-26,0.699,-0.1429,000067
2016-10-27,0.697,-0.2861,000067
2016-10-28,0.699,0.2869,000067
2016-10-31,0.697,-0.2861,000067
2016-11-01,0.698,0.1435,000067
2016-11-02,0.696,-0.2865,000067
2016-11-03,0.698,0.2874,000067
2016-11-04,0.699,0.1433,000067
2016-11-07,0.7,0.1431,000067
2016-11-08,0.701,0.1429,000067
2016-11-09,0.7,-0.1427,000067
2016-11-10,0.703,0.4286,000067
2016-11-11,0.706,0.4267,000067
2016-11-14,0.708,0.2833,000067
2016-11-15,0.706,-0.2825,000067
2016-11-16,0.705,-0.1416,000067
2016-11-17,0.706,0.1418,000067
2016-11-18,0.705,-0.1416,000067
2016-11-21,0.706,0.1418,000067
2016-11-22,0.709,0.4249,000067
2016-11-23,0.708,-0.141,000067
2016-11-24,0.708,0.0,000067
2016-11-25,0.71,0.2825,000067
2016-11-28,0.712,0.2817,000067
2016-11-29,0.71,-0.2809,000067
2016-11-30,0.706,-0.5634,000067
2016-12-01,0.706,0.0,000067
2016-12-02,0.703,-0.4249,000067
2016-12-05,0.691,-1.707,000067
2016-12-06,0.688,-0.4342,000067
2016-12-07,0.693,0.7267,000067
2016-12-08,0.694,0.1443,000067
2016-12-09,0.694,0.0,000067
2016-12-12,0.678,-2.3055,000067
2016-12-13,0.674,-0.59,000067
2016-12-14,0.672,-0.2967,000067
2016-12-15,0.662,-1.4881,000067
2016-12-16,0.669,1.0574,000067
2016-12-19,0.664,-0.7474,000067
2016-12-20,0.657,-1.0542,000067
2016-12-21,0.671,2.1309,000067
2016-12-22,0.675,0.5961,000067
2016-12-23,0.674,-0.1481,000067
2016-12-26,0.675,0.1484,000067
2016-12-27,0.675,0.0,000067
2016-12-28,0.675,0.0,000067
2016-12-29,0.674,-0.1481,000067
2016-12-30,0.676,0.2967,000067
2016-12-31,0.676,0.0,000067
2017-01-03,0.678,0.2959,000067
2017-01-04,0.68,0.295,000067
2017-01-05,0.681,0.1471,000067
2017-01-06,0.681,0.0,000067
2017-01-09,0.685,0.5874,000067
2017-01-10,0.683,-0.292,000067
2017-01-11,0.682,-0.1464,000067
2017-01-12,0.681,-0.1466,000067
2017-01-13,0.68,-0.1468,000067
2017-01-16,0.676,-0.5882,000067
2017-01-17,0.678,0.2959,000067
2017-01-18,0.677,-0.1475,000067
2017-01-19,0.675,-0.2954,000067
2017-01-20,0.678,0.4444,000067
2017-01-23,0.678,0.0,000067
2017-01-24,0.679,0.1475,000067
2017-01-25,0.681,0.2946,000067
2017-01-26,0.682,0.1468,000067
2017-02-03,0.677,-0.7331,000067
2017-02-06,0.677,0.0,000067
2017-02-07,0.677,0.0,000067
2017-02-08,0.678,0.1477,000067
2017-02-09,0.681,0.4425,000067
2017-02-10,0.683,0.2937,000067
2017-02-13,0.684,0.1464,000067
2017-02-14,0.684,0.0,000067
2017-02-15,0.683,-0.1462,000067
2017-02-16,0.683,0.0,000067
2017-02-17,0.681,-0.2928,000067
2017-02-20,0.686,0.7342,000067
2017-02-21,0.689,0.4373,000067
2017-02-22,0.69,0.1451,000067
2017-02-23,0.688,-0.2899,000067
2017-02-24,0.687,-0.1453,000067
2017-02-27,0.684,-0.4367,000067
2017-02-28,0.685,0.1462,000067
2017-03-01,0.685,0.0,000067
2017-03-02,0.685,0.0,000067
2017-03-03,0.683,-0.292,000067
2017-03-06,0.683,0.0,000067
2017-03-07,0.684,0.1464,000067
2017-03-08,0.683,-0.1462,000067
2017-03-09,0.681,-0.2928,000067
2017-03-10,0.679,-0.2937,000067
2017-03-13,0.68,0.1473,000067
2017-03-14,0.679,-0.1471,000067
2017-03-15,0.677,-0.2946,000067
2017-03-16,0.677,0.0,000067
2017-03-17,0.673,-0.5908,000067
2017-03-20,0.672,-0.1486,000067
2017-03-21,0.675,0.4464,000067
2017-03-22,0.672,-0.4444,000067
2017-03-23,0.673,0.1488,000067
2017-03-24,0.677,0.5944,000067
2017-03-27,0.678,0.1477,000067
2017-03-28,0.678,0.0,000067
2017-03-29,0.678,0.0,000067
2017-03-30,0.675,-0.4425,000067
2017-03-31,0.675,0.0,000067
2017-04-05,0.679,0.5926,000067
2017-04-06,0.681,0.2946,000067
2017-04-07,0.681,0.0,000067
2017-04-10,0.68,-0.1468,000067
2017-04-11,0.679,-0.1471,000067
2017-04-12,0.68,0.1473,000067
2017-04-13,0.68,0.0,000067
2017-04-14,0.677,-0.4412,000067
2017-04-17,0.672,-0.7386,000067
2017-04-18,0.674,0.2976,000067
2017-04-19,0.673,-0.1484,000067
2017-04-20,0.676,0.4458,000067
2017-04-21,0.675,-0.1479,000067
2017-04-24,0.67,-0.7407,000067
2017-04-25,0.67,0.0,000067
2017-04-26,0.673,0.4478,000067
2017-04-27,0.673,0.0,000067
2017-04-28,0.675,0.2972,000067
2017-05-02,0.674,-0.1481,000067
2017-05-03,0.675,0.1484,000067
2017-05-04,0.675,0.0,000067
2017-05-05,0.673,-0.2963,000067
2017-05-08,0.643,-4.4577,000067
2017-05-09,0.64,-0.4666,000067
2017-05-10,0.634,-0.9375,000067
2017-05-11,0.631,-0.4732,000067
2017-05-12,0.634,0.4754,000067
2017-05-15,0.636,0.3155,000067
2017-05-16,0.639,0.4717,000067
2017-05-17,0.641,0.313,000067
2017-05-18,0.642,0.156,000067
2017-05-19,0.642,0.0,000067
2017-05-22,0.639,-0.4673,000067
2017-05-23,0.634,-0.7825,000067
2017-05-24,0.633,-0.1577,000067
2017-05-25,0.638,0.7899,000067
2017-05-26,0.638,0.0,000067
2017-05-31,0.64,0.3135,000067
2017-06-01,0.638,-0.3125,000067
2017-06-02,0.638,0.0,000067
2017-06-05,0.638,0.0,000067
2017-06-06,0.64,0.3135,000067
2017-06-07,0.645,0.7813,000067
2017-06-08,0.646,0.155,000067
2017-06-09,0.65,0.6192,000067
2017-06-12,0.651,0.1538,000067
2017-06-13,0.655,0.6144,000067
2017-06-14,0.653,-0.3053,000067
2017-06-15,0.655,0.3063,000067
2017-06-16,0.656,0.1527,000067
2017-06-19,0.661,0.7622,000067
2017-06-20,0.666,0.7564,000067
2017-06-21,0.667,0.1502,000067
2017-06-22,0.668,0.1499,000067
2017-06-23,0.668,0.0,000067
2017-06-26,0.679,1.6467,000067
2017-06-27,0.68,0.1473,000067
2017-06-28,0.677,-0.4412,000067
2017-06-29,0.673,-0.5908,000067
2017-06-30,0.673,0.0,000067
2017-07-03,0.676,0.4458,000067
2017-07-04,0.674,-0.2959,000067
2017-07-05,0.678,0.5935,000067
2017-07-06,0.676,-0.295,000067
2017-07-07,0.677,0.1479,000067
2017-07-10,0.676,-0.1477,000067
2017-07-11,0.674,-0.2959,000067
2017-07-12,0.673,-0.1484,000067
2017-07-13,0.675,0.2972,000067
2017-07-14,0.677,0.2963,000067
2017-07-17,0.671,-0.8863,000067
2017-07-18,0.672,0.149,000067
2017-07-19,0.677,0.744,000067
2017-07-20,0.679,0.2954,000067
2017-07-21,0.684,0.7364,000067
2017-07-24,0.688,0.5848,000067
2017-07-25,0.682,-0.8721,000067
2017-07-26,0.684,0.2933,000067
2017-07-27,0.686,0.2924,000067
2017-07-28,0.688,0.2915,000067
2017-07-31,0.692,0.5814,000067
2017-08-01,0.692,0.0,000067
2017-08-02,0.694,0.289,000067
2017-08-03,0.691,-0.4323,000067
2017-08-04,0.691,0.0,000067
2017-08-07,0.692,0.1447,000067
2017-08-08,0.691,-0.1445,000067
2017-08-09,0.687,-0.5789,000067
2017-08-10,0.685,-0.2911,000067
2017-08-11,0.68,-0.7299,000067
2017-08-14,0.685,0.7353,000067
2017-08-15,0.685,0.0,000067
2017-08-16,0.685,0.0,000067
2017-08-17,0.689,0.5839,000067
2017-08-18,0.692,0.4354,000067
2017-08-21,0.693,0.1445,000067
2017-08-22,0.693,0.0,000067
2017-08-23,0.689,-0.5772,000067
2017-08-24,0.687,-0.2903,000067
2017-08-25,0.689,0.2911,000067
2017-08-28,0.694,0.7257,000067
2017-08-29,0.702,1.1527,000067
2017-08-30,0.699,-0.4274,000067
2017-08-31,0.697,-0.2861,000067
2017-09-01,0.696,-0.1435,000067
2017-09-04,0.695,-0.1437,000067
2017-09-05,0.695,0.0,000067
2017-09-06,0.694,-0.1439,000067
2017-09-07,0.695,0.1441,000067
2017-09-08,0.695,0.0,000067
2017-09-11,0.694,-0.1439,000067
2017-09-12,0.691,-0.4323,000067
2017-09-13,0.69,-0.1447,000067
2017-09-14,0.687,-0.4348,000067
2017-09-15,0.684,-0.4367,000067
2017-09-18,0.685,0.1462,000067
2017-09-19,0.685,0.0,000067
2017-09-20,0.685,0.0,000067
2017-09-21,0.683,-0.292,000067
2017-09-22,0.68,-0.4392,000067
2017-09-25,0.671,-1.3235,000067
2017-09-26,0.671,0.0,000067
2017-09-27,0.673,0.2981,000067
2017-09-28,0.67,-0.4458,000067
2017-09-29,0.673,0.4478,000067
2017-10-09,0.677,0.5944,000067
2017-10-10,0.682,0.7386,000067
2017-10-11,0.684,0.2933,000067
2017-10-12,0.685,0.1462,000067
2017-10-13,0.684,-0.146,000067
2017-10-16,0.683,-0.1462,000067
2017-10-17,0.683,0.0,000067
2017-10-18,0.682,-0.1464,000067
2017-10-19,0.679,-0.4399,000067
2017-10-20,0.682,0.4418,000067
2017-10-23,0.683,0.1466,000067
2017-10-24,0.684,0.1464,000067
2017-10-25,0.686,0.2924,000067
2017-10-26,0.686,0.0,000067
2017-10-27,0.683,-0.4373,000067
2017-10-30,0.677,-0.8785,000067
2017-10-31,0.678,0.1477,000067
2017-11-01,0.679,0.1475,000067
2017-11-02,0.677,-0.2946,000067
2017-11-03,0.674,-0.4431,000067
2017-11-06,0.674,0.0,000067
2017-11-07,0.676,0.2967,000067
2017-11-08,0.677,0.1479,000067
2017-11-09,0.678,0.1477,000067
2017-11-10,0.681,0.4425,000067
2017-11-13,0.683,0.2937,000067
2017-11-14,0.681,-0.2928,000067
2017-11-15,0.678,-0.4405,000067
2017-11-16,0.678,0.0,000067
2017-11-17,0.678,0.0,000067
2017-11-20,0.674,-0.59,000067
2017-11-21,0.676,0.2967,000067
2017-11-22,0.675,-0.1479,000067
2017-11-23,0.667,-1.1852,000067
2017-11-24,0.667,0.0,000067
2017-11-27,0.665,-0.2999,000067
2017-11-28,0.664,-0.1504,000067
2017-11-29,0.665,0.1506,000067
2017-11-30,0.663,-0.3008,000067
2017-12-01,0.661,-0.3017,000067
2017-12-04,0.657,-0.6051,000067
2017-12-05,0.654,-0.4566,000067
2017-12-06,0.654,0.0,000067
2017-12-07,0.653,-0.1529,000067
2017-12-08,0.658,0.7657,000067
2017-12-11,0.661,0.4559,000067
2017-12-12,0.656,-0.7564,000067
2017-12-13,0.657,0.1524,000067
2017-12-14,0.655,-0.3044,000067
2017-12-15,0.653,-0.3053,000067
2017-12-18,0.65,-0.4594,000067
2017-12-19,0.653,0.4615,000067
2017-12-20,0.65,-0.4594,000067
2017-12-21,0.652,0.3077,000067
2017-12-22,0.652,0.0,000067
2017-12-25,0.65,-0.3067,000067
2017-12-26,0.651,0.1538,000067
2017-12-27,0.648,-0.4608,000067
2017-12-28,0.651,0.463,000067
2017-12-29,0.653,0.3072,000067
2017-12-31,0.653,0.0,000067
2018-01-02,0.66,1.072,000067
2018-01-03,0.665,0.7576,000067
2018-01-04,0.666,0.1504,000067
2018-01-05,0.671,0.7508,000067
2018-01-08,0.675,0.5961,000067
2018-01-09,0.672,-0.4444,000067
2018-01-10,0.669,-0.4464,000067
2018-01-11,0.669,0.0,000067
2018-01-12,0.671,0.299,000067
2018-01-15,0.666,-0.7452,000067
2018-01-16,0.671,0.7508,000067
2018-01-17,0.67,-0.149,000067
2018-01-18,0.675,0.7463,000067
2018-01-19,0.68,0.7407,000067
2018-01-22,0.685,0.7353,000067
2018-01-23,0.689,0.5839,000067
2018-01-24,0.695,0.8708,000067
2018-01-25,0.698,0.4317,000067
2018-01-26,0.7,0.2865,000067
2018-01-29,0.693,-1.0,000067
2018-01-30,0.686,-1.0101,000067
2018-01-31,0.685,-0.1458,000067
2018-02-01,0.675,-1.4599,000067
2018-02-02,0.68,0.7407,000067
2018-02-05,0.69,1.4706,000067
2018-02-06,0.672,-2.6087,000067
2018-02-07,0.667,-0.744,000067
2018-02-08,0.657,-1.4993,000067
2018-02-09,0.631,-3.9574,000067
2018-02-12,0.641,1.5848,000067
2018-02-13,0.647,0.936,000067
2018-02-14,0.649,0.3091,000067
2018-02-22,0.66,1.6949,000067
2018-02-23,0.663,0.4545,000067
2018-02-26,0.668,0.7541,000067
2018-02-27,0.662,-0.8982,000067
2018-02-28,0.661,-0.1511,000067
2018-03-01,0.658,-0.4539,000067
2018-03-02,0.654,-0.6079,000067
2018-03-05,0.65,-0.6116,000067
2018-03-06,0.658,1.2308,000067
2018-03-07,0.654,-0.6079,000067
2018-03-08,0.655,0.1529,000067
2018-03-09,0.658,0.458,000067
2018-03-12,0.662,0.6079,000067
2018-03-13,0.661,-0.1511,000067
2018-03-14,0.656,-0.7564,000067
2018-03-15,0.656,0.0,000067
2018-03-16,0.656,0.0,000067
2018-03-19,0.653,-0.4573,000067
2018-03-20,0.653,0.0,000067
2018-03-21,0.651,-0.3063,000067
2018-03-22,0.649,-0.3072,000067
2018-03-23,0.636,-2.0031,000067
2018-03-26,0.637,0.1572,000067
2018-03-27,0.639,0.314,000067
2018-03-28,0.636,-0.4695,000067
2018-03-29,0.64,0.6289,000067
2018-03-30,0.642,0.3125,000067
2018-04-02,0.646,0.6231,000067
2018-04-03,0.645,-0.1548,000067
2018-04-04,0.644,-0.155,000067
2018-04-09,0.645,0.1553,000067
2018-04-10,0.649,0.6202,000067
2018-04-11,0.653,0.6163,000067
2018-04-12,0.649,-0.6126,000067
2018-04-13,0.647,-0.3082,000067
2018-04-16,0.641,-0.9274,000067
2018-04-17,0.637,-0.624,000067
2018-04-18,0.64,0.471,000067
2018-04-19,0.641,0.1563,000067
2018-04-20,0.636,-0.78,000067
2018-04-23,0.63,-0.9434,000067
2018-04-24,0.638,1.2698,000067
2018-04-25,0.636,-0.3135,000067
2018-04-26,0.631,-0.7862,000067
2018-04-27,0.631,0.0,000067
2018-05-02,0.632,0.1585,000067
2018-05-03,0.635,0.4747,000067
2018-05-04,0.636,0.1575,000067
2018-05-07,0.643,1.1006,000067
2018-05-08,0.646,0.4666,000067
2018-05-09,0.645,-0.1548,000067
2018-05-10,0.645,0.0,000067
2018-05-11,0.642,-0.4651,000067
2018-05-14,0.642,0.0,000067
2018-05-15,0.644,0.3115,000067
2018-05-16,0.644,0.0,000067
2018-05-17,0.644,0.0,000067
2018-05-18,0.646,0.3106,000067
2018-05-21,0.65,0.6192,000067
2018-05-22,0.65,0.0,000067
2018-05-23,0.645,-0.7692,000067
2018-05-24,0.643,-0.3101,000067
2018-05-25,0.642,-0.1555,000067
2018-05-28,0.641,-0.1558,000067
2018-05-29,0.632,-1.4041,000067
2018-05-30,0.626,-0.9494,000067
2018-05-31,0.629,0.4792,000067
2018-06-01,0.626,-0.4769,000067
2018-06-04,0.625,-0.1597,000067
2018-06-05,0.629,0.64,000067
2018-06-06,0.628,-0.159,000067
2018-06-07,0.63,0.3185,000067
2018-06-08,0.627,-0.4762,000067
2018-06-11,0.626,-0.1595,000067
2018-06-12,0.629,0.4792,000067
2018-06-13,0.627,-0.318,000067
2018-06-14,0.625,-0.319,000067
2018-06-15,0.621,-0.64,000067
2018-06-19,0.61,-1.7713,000067
2018-06-20,0.609,-0.1639,000067
2018-06-21,0.605,-0.6568,000067
2018-06-22,0.607,0.3306,000067
2018-06-25,0.606,-0.1647,000067
2018-06-26,0.604,-0.33,000067
2018-06-27,0.602,-0.3311,000067
2018-06-28,0.6,-0.3322,000067
2018-06-29,0.608,1.3333,000067
2018-06-30,0.608,0.0,000067
2018-07-02,0.603,-0.8224,000067
2018-07-03,0.604,0.1658,000067
2018-07-04,0.604,0.0,000067
2018-07-05,0.603,-0.1656,000067
2018-07-06,0.604,0.1658,000067
2018-07-09,0.609,0.8278,000067
2018-07-10,0.61,0.1642,000067
2018-07-11,0.609,-0.1639,000067
2018-07-12,0.612,0.4926,000067
2018-07-13,0.612,0.0,000067
2018-07-16,0.612,0.0,000067
2018-07-17,0.613,0.1634,000067
2018-07-18,0.612,-0.1631,000067
2018-07-19,0.614,0.3268,000067
2018-07-20,0.618,0.6515,000067
2018-07-23,0.624,0.9709,000067
2018-07-24,0.627,0.4808,000067
2018-07-25,0.626,-0.1595,000067
2018-07-26,0.621,-0.7987,000067
2018-07-27,0.621,0.0,000067
2018-07-30,0.62,-0.161,000067
2018-07-31,0.623,0.4839,000067
2018-08-01,0.62,-0.4815,000067
2018-08-02,0.618,-0.3226,000067
2018-08-03,0.617,-0.1618,000067
2018-08-06,0.613,-0.6483,000067
2018-08-07,0.618,0.8157,000067
2018-08-08,0.616,-0.3236,000067
2018-08-09,0.618,0.3247,000067
2018-08-10,0.618,0.0,000067
2018-08-13,0.617,-0.1618,000067
2018-08-14,0.615,-0.3241,000067
2018-08-15,0.614,-0.1626,000067
2018-08-16,0.613,-0.1629,000067
2018-08-17,0.611,-0.3263,000067
2018-08-20,0.611,0.0,000067
2018-08-21,0.613,0.3273,000067
2018-08-22,0.612,-0.1631,000067
2018-08-23,0.613,0.1634,000067
2018-08-24,0.614,0.1631,000067
2018-08-27,0.616,0.3257,000067
2018-08-28,0.616,0.0,000067
2018-08-29,0.616,0.0,000067
2018-08-30,0.613,-0.487,000067
2018-08-31,0.612,-0.1631,000067
2018-09-03,0.612,0.0,000067
2018-09-04,0.612,0.0,000067
2018-09-05,0.611,-0.1634,000067
2018-09-06,0.61,-0.1637,000067
2018-09-07,0.61,0.0,000067
2018-09-10,0.61,0.0,000067
2018-09-11,0.608,-0.3279,000067
2018-09-12,0.608,0.0,000067
2018-09-13,0.609,0.1645,000067
2018-09-14,0.609,0.0,000067
2018-09-17,0.608,-0.1642,000067
2018-09-18,0.61,0.3289,000067
2018-09-19,0.612,0.3279,000067
2018-09-20,0.612,0.0,000067
2018-09-21,0.617,0.817,000067
2018-09-25,0.615,-0.3241,000067
2018-09-26,0.617,0.3252,000067
2018-09-27,0.614,-0.4862,000067
2018-09-28,0.616,0.3257,000067
2018-10-08,0.609,-1.1364,000067
2018-10-09,0.608,-0.1642,000067
2018-10-10,0.608,0.0,000067
2018-10-11,0.602,-0.9868,000067
2018-10-12,0.604,0.3322,000067
2018-10-15,0.603,-0.1656,000067
2018-10-16,0.601,-0.3317,000067
2018-10-17,0.602,0.1664,000067
2018-10-18,0.6,-0.3322,000067
2018-10-19,0.603,0.5,000067
2018-10-22,0.606,0.4975,000067
2018-10-23,0.604,-0.33,000067
2018-10-24,0.605,0.1656,000067
2018-10-25,0.606,0.1653,000067
2018-10-26,0.606,0.0,000067
2018-10-29,0.605,-0.165,000067
2018-10-30,0.605,0.0,000067
2018-10-31,0.606,0.1653,000067
2018-11-01,0.606,0.0,000067
2018-11-02,0.61,0.6601,000067
2018-11-05,0.61,0.0,000067
2018-11-06,0.609,-0.1639,000067
2018-11-07,0.609,0.0,000067
2018-11-08,0.608,-0.1642,000067
2018-11-09,0.606,-0.3289,000067
2018-11-12,0.608,0.33,000067
2018-11-13,0.61,0.3289,000067
2018-11-14,0.611,0.1639,000067
2018-11-15,0.612,0.1637,000067
2018-11-16,0.615,0.4902,000067
2018-11-19,0.617,0.3252,000067
2018-11-20,0.61,-1.1345,000067
2018-11-21,0.611,0.1639,000067
2018-11-22,0.611,0.0,000067
2018-11-23,0.609,-0.3273,000067
2018-11-26,0.608,-0.1642,000067
2018-11-27,0.608,0.0,000067
2018-11-28,0.61,0.3289,000067
2018-11-29,0.609,-0.1639,000067
2018-11-30,0.608,-0.1642,000067
2018-12-03,0.611,0.4934,000067
2018-12-04,0.611,0.0,000067
2018-12-05,0.611,0.0,000067
2018-12-06,0.611,0.0,000067
2018-12-07,0.611,0.0,000067
2018-12-10,0.609,-0.3273,000067
2018-12-11,0.61,0.1642,000067
2018-12-12,0.61,0.0,000067
2018-12-13,0.611,0.1639,000067
2018-12-14,0.61,-0.1637,000067
2018-12-17,0.609,-0.1639,000067
2018-12-18,0.608,-0.1642,000067
2018-12-19,0.606,-0.3289,000067
2018-12-20,0.604,-0.33,000067
2018-12-21,0.602,-0.3311,000067
2018-12-24,0.602,0.0,000067
2018-12-25,0.601,-0.1661,000067
2018-12-26,0.602,0.1664,000067
2018-12-27,0.601,-0.1661,000067
2018-12-28,0.602,0.1664,000067
2018-12-31,0.602,0.0,000067
2019-01-02,0.601,-0.1661,000067
2019-01-03,0.602,0.1664,000067
2019-01-04,0.604,0.3322,000067
2019-01-07,0.606,0.3311,000067
2019-01-08,0.608,0.33,000067
2019-01-09,0.609,0.1645,000067
2019-01-10,0.609,0.0,000067
2019-01-11,0.61,0.1642,000067
2019-01-14,0.609,-0.1639,000067
2019-01-15,0.611,0.3284,000067
2019-01-16,0.611,0.0,000067
2019-01-17,0.61,-0.1637,000067
2019-01-18,0.612,0.3279,000067
2019-01-21,0.613,0.1634,000067
2019-01-22,0.611,-0.3263,000067
2019-01-23,0.612,0.1637,000067
2019-01-24,0.614,0.3268,000067
2019-01-25,0.616,0.3257,000067
2019-01-28,0.615,-0.1623,000067
2019-01-29,0.615,0.0,000067
2019-01-30,0.614,-0.1626,000067
2019-01-31,0.615,0.1629,000067
2019-02-01,0.619,0.6504,000067
2019-02-11,0.624,0.8078,000067
2019-02-12,0.625,0.1603,000067
2019-02-13,0.631,0.96,000067
2019-02-14,0.633,0.317,000067
2019-02-15,0.629,-0.6319,000067
2019-02-18,0.638,1.4308,000067
2019-02-19,0.635,-0.4702,000067
2019-02-20,0.636,0.1575,000067
2019-02-21,0.639,0.4717,000067
2019-02-22,0.647,1.252,000067
2019-02-25,0.663,2.473,000067
2019-02-26,0.658,-0.7541,000067
2019-02-27,0.652,-0.9119,000067
2019-02-28,0.652,0.0,000067
2019-03-01,0.657,0.7669,000067
2019-03-04,0.666,1.3699,000067
2019-03-05,0.674,1.2012,000067
2019-03-06,0.677,0.4451,000067
2019-03-07,0.673,-0.5908,000067
2019-03-08,0.662,-1.6345,000067
2019-03-11,0.675,1.9637,000067
2019-03-12,0.687,1.7778,000067
2019-03-13,0.671,-2.329,000067
2019-03-14,0.659,-1.7884,000067
2019-03-15,0.665,0.9105,000067
2019-03-18,0.678,1.9549,000067
2019-03-19,0.682,0.59,000067
2019-03-20,0.679,-0.4399,000067
2019-03-21,0.684,0.7364,000067
2019-03-22,0.683,-0.1462,000067
2019-03-25,0.677,-0.8785,000067
2019-03-26,0.665,-1.7725,000067
2019-03-27,0.664,-0.1504,000067
2019-03-28,0.662,-0.3012,000067
2019-03-29,0.674,1.8127,000067
2019-04-01,0.688,2.0772,000067
2019-04-02,0.688,0.0,000067
2019-04-03,0.69,0.2907,000067
2019-04-04,0.698,1.1594,000067
2019-04-08,0.697,-0.1433,000067
2019-04-09,0.692,-0.7174,000067
2019-04-10,0.69,-0.289,000067
2019-04-11,0.681,-1.3043,000067
2019-04-12,0.68,-0.1468,000067
2019-04-15,0.678,-0.2941,000067
2019-04-16,0.68,0.295,000067
2019-04-17,0.684,0.5882,000067
2019-04-18,0.685,0.1462,000067
2019-04-19,0.687,0.292,000067
2019-04-22,0.686,-0.1456,000067
2019-04-23,0.68,-0.8746,000067
2019-04-24,0.682,0.2941,000067
2019-04-25,0.672,-1.4663,000067
2019-04-26,0.665,-1.0417,000067
2019-04-29,0.661,-0.6015,000067
2019-04-30,0.667,0.9077,000067
2019-05-06,0.648,-2.8486,000067
2019-05-07,0.652,0.6173,000067
2019-05-08,0.651,-0.1534,000067
2019-05-09,0.65,-0.1536,000067
2019-05-10,0.664,2.1538,000067
2019-05-13,0.659,-0.753,000067
2019-05-14,0.659,0.0,000067
2019-05-15,0.669,1.5175,000067
2019-05-16,0.67,0.1495,000067
2019-05-17,0.661,-1.3433,000067
2019-05-20,0.655,-0.9077,000067
2019-05-21,0.658,0.458,000067
2019-05-22,0.658,0.0,000067
2019-05-23,0.652,-0.9119,000067
2019-05-24,0.651,-0.1534,000067
2019-05-27,0.652,0.1536,000067
2019-05-28,0.654,0.3067,000067
2019-05-29,0.654,0.0,000067
2019-05-30,0.652,-0.3058,000067
2019-05-31,0.652,0.0,000067
2019-06-03,0.649,-0.4601,000067
2019-06-04,0.644,-0.7704,000067
2019-06-05,0.642,-0.3106,000067
2019-06-06,0.637,-0.7788,000067
2019-06-10,0.64,0.471,000067
2019-06-11,0.649,1.4063,000067
2019-06-12,0.647,-0.3082,000067
2019-06-13,0.645,-0.3091,000067
2019-06-14,0.64,-0.7752,000067
2019-06-17,0.639,-0.1563,000067
2019-06-18,0.639,0.0,000067
2019-06-19,0.645,0.939,000067
2019-06-20,0.657,1.8605,000067
2019-06-21,0.661,0.6088,000067
2019-06-24,0.662,0.1513,000067
2019-06-25,0.657,-0.7553,000067
2019-06-26,0.659,0.3044,000067
2019-06-27,0.662,0.4552,000067
2019-06-28,0.662,0.0,000067
2019-06-30,0.662,0.0,000067
2019-07-01,0.674,1.8127,000067
2019-07-02,0.674,0.0,000067
2019-07-03,0.67,-0.5935,000067
2019-07-04,0.666,-0.597,000067
2019-07-05,0.668,0.3003,000067
2019-07-08,0.662,-0.8982,000067
2019-07-09,0.661,-0.1511,000067
2019-07-10,0.659,-0.3026,000067
2019-07-11,0.658,-0.1517,000067
2019-07-12,0.662,0.6079,000067
2019-07-15,0.666,0.6042,000067
2019-07-16,0.665,-0.1502,000067
2019-07-17,0.666,0.1504,000067
2019-07-18,0.663,-0.4505,000067
2019-07-19,0.665,0.3017,000067
2019-07-22,0.662,-0.4511,000067
2019-07-23,0.665,0.4532,000067
2019-07-24,0.668,0.4511,000067
2019-07-25,0.673,0.7485,000067
2019-07-26,0.677,0.5944,000067
2019-07-29,0.679,0.2954,000067
2019-07-30,0.68,0.1473,000067
2019-07-31,0.68,0.0,000067
2019-08-01,0.676,-0.5882,000067
2019-08-02,0.673,-0.4438,000067
2019-08-05,0.668,-0.7429,000067
2019-08-06,0.666,-0.2994,000067
2019-08-07,0.668,0.3003,000067
2019-08-08,0.672,0.5988,000067
2019-08-09,0.671,-0.1488,000067
2019-08-12,0.678,1.0432,000067
2019-08-13,0.675,-0.4425,000067
2019-08-14,0.676,0.1481,000067
2019-08-15,0.679,0.4438,000067
2019-08-16,0.68,0.1473,000067
2019-08-19,0.693,1.9118,000067
2019-08-20,0.691,-0.2886,000067
2019-08-21,0.695,0.5789,000067
2019-08-22,0.692,-0.4317,000067
2019-08-23,0.696,0.578,000067
2019-08-26,0.693,-0.431,000067
2019-08-27,0.699,0.8658,000067
2019-08-28,0.7,0.1431,000067
2019-08-29,0.703,0.4286,000067
2019-08-30,0.701,-0.2845,000067
2019-09-02,0.709,1.1412,000067
2019-09-03,0.714,0.7052,000067
2019-09-04,0.714,0.0,000067
2019-09-05,0.721,0.9804,000067
2019-09-06,0.72,-0.1387,000067
2019-09-09,0.729,1.25,000067
2019-09-10,0.724,-0.6859,000067
2019-09-11,0.719,-0.6906,000067
2019-09-12,0.72,0.1391,000067
2019-09-16,0.719,-0.1389,000067
2019-09-17,0.712,-0.9736,000067
2019-09-18,0.713,0.1404,000067
2019-09-19,0.716,0.4208,000067
2019-09-20,0.719,0.419,000067
2019-09-23,0.714,-0.6954,000067
2019-09-24,0.717,0.4202,000067
2019-09-25,0.711,-0.8368,000067
2019-09-26,0.705,-0.8439,000067
2019-09-27,0.707,0.2837,000067
2019-09-30,0.703,-0.5658,000067
2019-10-08,0.702,-0.1422,000067
2019-10-09,0.703,0.1425,000067
2019-10-10,0.709,0.8535,000067
2019-10-11,0.713,0.5642,000067
2019-10-14,0.717,0.561,000067
2019-10-15,0.714,-0.4184,000067
2019-10-16,0.712,-0.2801,000067
2019-10-17,0.713,0.1404,000067
2019-10-18,0.708,-0.7013,000067
2019-10-21,0.703,-0.7062,000067
2019-10-22,0.708,0.7112,000067
2019-10-23,0.704,-0.565,000067
2019-10-24,0.702,-0.2841,000067
2019-10-25,0.707,0.7123,000067
2019-10-28,0.714,0.9901,000067
2019-10-29,0.713,-0.1401,000067
2019-10-30,0.709,-0.561,000067
2019-10-31,0.705,-0.5642,000067
2019-11-01,0.712,0.9929,000067
2019-11-04,0.716,0.5618,000067
2019-11-05,0.722,0.838,000067
2019-11-06,0.719,-0.4155,000067
2019-11-07,0.721,0.2782,000067
2019-11-08,0.72,-0.1387,000067
2019-11-11,0.711,-1.25,000067
2019-11-12,0.71,-0.1406,000067
2019-11-13,0.712,0.2817,000067
2019-11-14,0.716,0.5618,000067
2019-11-15,0.713,-0.419,000067
2019-11-18,0.713,0.0,000067
2019-11-19,0.719,0.8415,000067
2019-11-20,0.717,-0.2782,000067
2019-11-21,0.714,-0.4184,000067
2019-11-22,0.709,-0.7003,000067
2019-11-25,0.709,0.0,000067
2019-11-26,0.712,0.4231,000067
2019-11-27,0.712,0.0,000067
2019-11-28,0.711,-0.1404,000067
2019-11-29,0.709,-0.2813,000067
2019-12-02,0.709,0.0,000067
2019-12-03,0.71,0.141,000067
2019-12-04,0.71,0.0,000067
2019-12-05,0.715,0.7042,000067
2019-12-06,0.719,0.5594,000067
2019-12-09,0.721,0.2782,000067
2019-12-10,0.726,0.6935,000067
2019-12-11,0.725,-0.1377,000067
2019-12-12,0.725,0.0,000067
2019-12-13,0.731,0.8276,000067
2019-12-16,0.741,1.368,000067
2019-12-17,0.746,0.6748,000067
2019-12-18,0.746,0.0,000067
2019-12-19,0.742,-0.5362,000067
2019-12-20,0.741,-0.1348,000067
2019-12-23,0.736,-0.6748,000067
2019-12-24,0.741,0.6793,000067
2019-12-25,0.741,0.0,000067
2019-12-26,0.745,0.5398,000067
2019-12-27,0.741,-0.5369,000067
2019-12-30,0.747,0.8097,000067
2019-12-31,0.752,0.6693,000067
2020-01-02,0.763,1.4628,000067
2020-01-03,0.763,0.0,000067
2020-01-06,0.765,0.2621,000067
2020-01-07,0.771,0.7843,000067
2020-01-08,0.764,-0.9079,000067
2020-01-09,0.771,0.9162,000067
2020-01-10,0.77,-0.1297,000067
2020-01-13,0.779,1.1688,000067
2020-01-14,0.777,-0.2567,000067
2020-01-15,0.775,-0.2574,000067
2020-01-16,0.775,0.0,000067
2020-01-17,0.771,-0.5161,000067
2020-01-20,0.78,1.1673,000067
2020-01-21,0.777,-0.3846,000067
2020-01-22,0.788,1.4157,000067
2020-01-23,0.772,-2.0305,000067
2020-02-03,0.724,-6.2176,000067
2020-02-04,0.749,3.453,000067
2020-02-05,0.751,0.267,000067
2020-02-06,0.765,1.8642,000067
2020-02-07,0.77,0.6536,000067
2020-02-10,0.777,0.9091,000067
2020-02-11,0.781,0.5148,000067
2020-02-12,0.798,2.1767,000067
2020-02-13,0.795,-0.3759,000067
2020-02-14,0.797,0.2516,000067
2020-02-17,0.819,2.7604,000067
2020-02-18,0.829,1.221,000067
2020-02-19,0.822,-0.8444,000067
2020-02-20,0.839,2.0681,000067
2020-02-21,0.854,1.7878,000067
2020-02-24,0.866,1.4052,000067
2020-02-25,0.866,0.0,000067
2020-02-26,0.838,-3.2333,000067
2020-02-27,0.837,-0.1193,000067
2020-02-28,0.813,-2.8674,000067
2020-03-02,0.818,0.615,000067
2020-03-03,0.822,0.489,000067
2020-03-04,0.816,-0.7299,000067
2020-03-05,0.824,0.9804,000067
2020-03-06,0.819,-0.6068,000067
2020-03-09,0.796,-2.8083,000067
2020-03-10,0.804,1.005,000067
2020-03-11,0.799,-0.6219,000067
2020-03-12,0.789,-1.2516,000067
2020-03-13,0.785,-0.507,000067
2020-03-16,0.769,-2.0382,000067
2020-03-17,0.768,-0.13,000067
2020-03-18,0.767,-0.1302,000067
2020-03-19,0.767,0.0,000067
2020-03-20,0.774,0.9126,000067
2020-03-23,0.758,-2.0672,000067
2020-03-24,0.762,0.5277,000067
2020-03-25,0.772,1.3123,000067
2020-03-26,0.772,0.0,000067
2020-03-27,0.77,-0.2591,000067
2020-03-30,0.767,-0.3896,000067
2020-03-31,0.773,0.7823,000067
2020-04-01,0.771,-0.2587,000067
2020-04-02,0.775,0.5188,000067
2020-04-03,0.773,-0.2581,000067
2020-04-07,0.784,1.423,000067
2020-04-08,0.783,-0.1276,000067
2020-04-09,0.785,0.2554,000067
2020-04-10,0.778,-0.8917,000067
2020-04-13,0.773,-0.6427,000067
2020-04-14,0.78,0.9056,000067
2020-04-15,0.777,-0.3846,000067
2020-04-16,0.78,0.3861,000067
2020-04-17,0.783,0.3846,000067
2020-04-20,0.786,0.3831,000067
2020-04-21,0.785,-0.1272,000067
2020-04-22,0.788,0.3822,000067
2020-04-23,0.787,-0.1269,000067
2020-04-24,0.785,-0.2541,000067
2020-04-27,0.788,0.3822,000067
2020-04-28,0.793,0.6345,000067
2020-04-29,0.79,-0.3783,000067
2020-04-30,0.793,0.3797,000067
2020-05-06,0.799,0.7566,000067
2020-05-07,0.797,-0.2503,000067
2020-05-08,0.799,0.2509,000067
2020-05-11,0.797,-0.2503,000067
2020-05-12,0.797,0.0,000067
2020-05-13,0.798,0.1255,000067
2020-05-14,0.792,-0.7519,000067
2020-05-15,0.792,0.0,000067
2020-05-18,0.789,-0.3788,000067
2020-05-19,0.791,0.2535,000067
2020-05-20,0.784,-0.885,000067
2020-05-21,0.781,-0.3827,000067
2020-05-22,0.775,-0.7682,000067
2020-05-25,0.771,-0.5161,000067
2020-05-26,0.776,0.6485,000067
2020-05-27,0.773,-0.3866,000067
2020-05-28,0.774,0.1294,000067
2020-05-29,0.779,0.646,000067
2020-06-01,0.788,1.1553,000067
2020-06-02,0.788,0.0,000067
2020-06-03,0.787,-0.1269,000067
2020-06-04,0.786,-0.1271,000067
2020-06-05,0.784,-0.2545,000067
2020-06-08,0.784,0.0,000067
2020-06-09,0.785,0.1276,000067
2020-06-10,0.786,0.1274,000067
2020-06-11,0.781,-0.6361,000067
2020-06-12,0.783,0.2561,000067
2020-06-15,0.782,-0.1277,000067
2020-06-16,0.788,0.7673,000067
2020-06-17,0.788,0.0,000067
2020-06-18,0.79,0.2538,000067
2020-06-19,0.792,0.2532,000067
2020-06-22,0.793,0.1263,000067
2020-06-23,0.794,0.1261,000067
2020-06-24,0.795,0.1259,000067
2020-06-29,0.791,-0.5031,000067
2020-06-30,0.8,1.1378,000067
2020-07-01,0.805,0.625,000067
2020-07-02,0.813,0.9938,000067
2020-07-03,0.821,0.984,000067
2020-07-06,0.849,3.4105,000067
2020-07-07,0.861,1.4134,000067
2020-07-08,0.866,0.5807,000067
2020-07-09,0.875,1.0393,000067
2020-07-10,0.866,-1.0286,000067
2020-07-13,0.884,2.0785,000067
2020-07-14,0.875,-1.0181,000067
2020-07-15,0.865,-1.1429,000067
2020-07-16,0.833,-3.6994,000067
2020-07-17,0.839,0.7203,000067
2020-07-20,0.853,1.6687,000067
2020-07-21,0.855,0.2345,000067
2020-07-22,0.86,0.5848,000067
2020-07-23,0.86,0.0,000067
2020-07-24,0.835,-2.907,000067
2020-07-27,0.835,0.0,000067
2020-07-28,0.844,1.0778,000067
2020-07-29,0.858,1.6588,000067
2020-07-30,0.854,-0.4662,000067
2020-07-31,0.86,0.7026,000067
2020-08-03,0.877,1.9767,000067
2020-08-04,0.873,-0.4561,000067
2020-08-05,0.879,0.6873,000067
2020-08-06,0.878,-0.1138,000067
2020-08-07,0.871,-0.7973,000067
2020-08-10,0.866,-0.5741,000067
2020-08-11,0.857,-1.0393,000067
2020-08-12,0.847,-1.1669,000067
2020-08-13,0.848,0.1181,000067
2020-08-14,0.855,0.8255,000067
2020-08-17,0.866,1.2865,000067
2020-08-18,0.87,0.4619,000067
2020-08-19,0.865,-0.5747,000067
2020-08-20,0.858,-0.8092,000067
2020-08-21,0.86,0.2331,000067
2020-08-24,0.862,0.23,000067
2020-08-25,0.856,-0.7,000067
2020-08-26,0.845,-1.29,000067
2020-08-27,0.851,0.71,000067
2020-08-28,0.858,0.82,000067
2020-08-31,0.857,-0.12,000067
2020-09-01,0.863,0.7,000067
2020-09-02,0.866,0.35,000067
2020-09-03,0.86,-0.69,000067
2020-09-04,0.856,-0.47,000067
2020-09-07,0.842,-1.64,000067
2020-09-08,0.84,-0.24,000067
2020-09-09,0.827,-1.55,000067
2020-09-10,0.822,-0.6,000067
2020-09-11,0.83,0.97,000067
2020-09-14,0.836,0.72,000067
2020-09-15,0.838,0.24,000067
2020-09-16,0.832,-0.72,000067
2020-09-17,0.832,0.0,000067
2020-09-18,0.836,0.48,000067
2020-09-21,0.835,-0.12,000067
2020-09-22,0.828,-0.84,000067
2020-09-23,0.831,0.36,000067
2020-09-24,0.818,-1.56,000067
2020-09-25,0.816,-0.24,000067
2020-09-28,0.814,-0.25,000067
2020-09-29,0.822,0.98,000067
2020-09-30,0.824,0.24,000067
2020-10-09,0.834,1.21,000067
2020-10-12,0.847,1.56,000067
2020-10-13,0.851,0.47,000067
2020-10-14,0.847,-0.47,000067
2020-10-15,0.844,-0.35,000067
2020-10-16,0.839,-0.59,000067
2020-10-19,0.833,-0.72,000067
2020-10-20,0.839,0.72,000067
2020-10-21,0.836,-0.36,000067
2020-10-22,0.84,0.48,000067
2020-10-23,0.824,-1.9,000067
2020-10-26,0.831,0.85,000067
2020-10-27,0.837,0.72,000067
2020-10-28,0.84,0.36,000067
2020-10-29,0.841,0.12,000067
2020-10-30,0.83,-1.31,000067
2020-11-02,0.824,-0.72,000067
2020-11-03,0.829,0.61,000067
2020-11-04,0.831,0.24,000067
2020-11-05,0.839,0.96,000067
2020-11-06,0.835,-0.48,000067
2020-11-09,0.848,1.56,000067
2020-11-10,0.844,-0.47,000067
2020-11-11,0.839,-0.59,000067
2020-11-12,0.839,0.0,000067
2020-11-13,0.839,0.0,000067
2020-11-16,0.837,-0.24,000067
2020-11-17,0.831,-0.72,000067
2020-11-18,0.83,-0.12,000067
2020-11-19,0.832,0.24,000067
2020-11-20,0.833,0.12,000067
2020-11-23,0.842,1.08,000067
2020-11-24,0.843,0.12,000067
2020-11-25,0.834,-1.07,000067
2020-11-26,0.832,-0.24,000067
2020-11-27,0.834,0.24,000067
2020-11-30,0.835,0.12,000067
2020-12-01,0.842,0.84,000067
2020-12-02,0.843,0.12,000067
2020-12-03,0.839,-0.47,000067
2020-12-04,0.841,0.24,000067
2020-12-07,0.841,0.0,000067
2020-12-08,0.842,0.12,000067
2020-12-09,0.837,-0.59,000067
2020-12-10,0.836,-0.12,000067
2020-12-11,0.828,-0.96,000067
2020-12-14,0.834,0.72,000067
2020-12-15,0.832,-0.24,000067
2020-12-16,0.831,-0.12,000067
2020-12-17,0.835,0.48,000067
2020-12-18,0.837,0.24,000067
2020-12-21,0.853,1.91,000067
2020-12-22,0.839,-1.64,000067
2020-12-23,0.852,1.55,000067
2020-12-24,0.847,-0.59,000067
2020-12-25,0.862,1.77,000067
2020-12-28,0.862,0.0,000067
2020-12-29,0.847,-1.74,000067
2020-12-30,0.856,1.06,000067
2020-12-31,0.869,1.52,000067
2021-01-04,0.89,2.42,000067
2021-01-05,0.894,0.45,000067
2021-01-06,0.897,0.34,000067
2021-01-07,0.91,1.45,000067
2021-01-08,0.897,-1.43,000067
2021-01-11,0.887,-1.11,000067
2021-01-12,0.905,2.03,000067
2021-01-13,0.898,-0.77,000067
2021-01-14,0.895,-0.33,000067
2021-01-15,0.9,0.56,000067
2021-01-18,0.907,0.78,000067
2021-01-19,0.893,-1.54,000067
2021-01-20,0.902,1.01,000067
2021-01-21,0.914,1.33,000067
2021-01-22,0.919,0.55,000067
2021-01-25,0.925,0.65,000067
2021-01-26,0.918,-0.76,000067
2021-01-27,0.918,0.0,000067
2021-01-28,0.899,-2.07,000067
2021-01-29,0.878,-2.34,000067
2021-02-01,0.884,0.68,000067
2021-02-02,0.896,1.36,000067
2021-02-03,0.892,-0.45,000067
2021-02-04,0.884,-0.9,000067
2021-02-05,0.873,-1.24,000067
2021-02-08,0.88,0.8,000067
2021-02-09,0.902,2.5,000067
2021-02-10,0.911,1.0,000067
2021-02-18,0.911,0.0,000067
2021-02-19,0.911,0.0,000067
2021-02-22,0.899,-1.32,000067
2021-02-23,0.892,-0.78,000067
2021-02-24,0.873,-2.13,000067
2021-02-25,0.866,-0.8,000067
2021-02-26,0.856,-1.15,000067
2021-03-01,0.867,1.29,000067
2021-03-02,0.863,-0.46,000067
2021-03-03,0.87,0.81,000067
2021-03-04,0.854,-1.84,000067
2021-03-05,0.852,-0.23,000067
2021-03-08,0.836,-1.88,000067
2021-03-09,0.826,-1.2,000067
2021-03-10,0.832,0.73,000067
2021-03-11,0.845,1.56,000067
2021-03-12,0.851,0.71,000067
2021-03-15,0.841,-1.18,000067
2021-03-16,0.844,0.36,000067
2021-03-17,0.847,0.36,000067
2021-03-18,0.853,0.71,000067
2021-03-19,0.845,-0.94,000067
2021-03-22,0.853,0.95,000067
2021-03-23,0.848,-0.59,000067
2021-03-24,0.834,-1.65,000067
2021-03-25,0.832,-0.24,000067
2021-03-26,0.841,1.08,000067
2021-03-29,0.844,0.36,000067
2021-03-30,0.844,0.0,000067
2021-03-31,0.844,0.0,000067
2021-04-01,0.847,0.36,000067
2021-04-02,0.848,0.12,000067
2021-04-06,0.847,-0.12,000067
2021-04-07,0.844,-0.35,000067
2021-04-08,0.846,0.24,000067
2021-04-09,0.842,-0.47,000067
2021-04-12,0.831,-1.31,000067
2021-04-13,0.83,-0.12,000067
2021-04-14,0.838,0.96,000067
2021-04-15,0.839,0.12,000067
2021-04-16,0.841,0.24,000067
2021-04-19,0.854,1.55,000067
2021-04-20,0.857,0.35,000067
2021-04-21,0.856,-0.12,000067
2021-04-22,0.857,0.12,000067
2021-04-23,0.857,0.0,000067
2021-04-26,0.854,-0.35,000067
2021-04-27,0.855,0.12,000067
2021-04-28,0.858,0.35,000067
2021-04-29,0.859,0.12,000067
2021-04-30,0.864,0.58,000067
2021-05-06,0.858,-0.69,000067
2021-05-07,0.845,-1.52,000067
2021-05-10,0.848,0.36,000067
2021-05-11,0.846,-0.24,000067
2021-05-12,0.85,0.47,000067
2021-05-13,0.841,-1.06,000067
2021-05-14,0.852,1.31,000067
2021-05-17,0.867,1.76,000067
2021-05-18,0.87,0.35,000067
2021-05-19,0.876,0.69,000067
2021-05-20,0.874,-0.23,000067
2021-05-21,0.874,0.0,000067
2021-05-24,0.875,0.11,000067
2021-05-25,0.892,1.94,000067
2021-05-26,0.891,-0.11,000067
2021-05-27,0.894,0.34,000067
2021-05-28,0.897,0.34,000067
2021-05-31,0.908,1.23,000067
2021-06-01,0.905,-0.33,000067
2021-06-02,0.902,-0.33,000067
2021-06-03,0.9,-0.22,000067
2021-06-04,0.903,0.33,000067
2021-06-07,0.9,-0.33,000067
2021-06-08,0.893,-0.78,000067
2021-06-09,0.891,-0.22,000067
2021-06-10,0.906,1.68,000067
2021-06-11,0.911,0.55,000067
2021-06-15,0.904,-0.77,000067
2021-06-16,0.882,-2.43,000067
2021-06-17,0.886,0.45,000067
2021-06-18,0.896,1.13,000067
2021-06-21,0.908,1.34,000067
2021-06-22,0.919,1.21,000067
2021-06-23,0.937,1.96,000067
2021-06-24,0.936,-0.11,000067
2021-06-25,0.949,1.39,000067
2021-06-28,0.954,0.53,000067
2021-06-29,0.958,0.42,000067
2021-06-30,0.965,0.73,000067
2021-07-01,0.958,-0.73,000067
2021-07-02,0.946,-1.25,000067
2021-07-05,0.942,-0.42,000067
2021-07-06,0.942,0.0,000067
2021-07-07,0.967,2.65,000067
2021-07-08,0.973,0.62,000067
2021-07-09,0.988,1.54,000067
2021-07-12,1.014,2.63,000067
2021-07-13,1.016,0.2,000067
2021-07-14,0.998,-1.77,000067
2021-07-15,1.008,1.0,000067
2021-07-16,0.999,-0.89,000067
2021-07-19,0.988,-1.1,000067
2021-07-20,1.002,1.42,000067
2021-07-21,1.043,4.09,000067
2021-07-22,1.057,1.34,000067
2021-07-23,1.054,-0.28,000067
2021-07-26,1.047,-0.66,000067
2021-07-27,1.015,-3.06,000067
2021-07-28,1.01,-0.49,000067
2021-07-29,1.055,4.46,000067
2021-07-30,1.054,-0.09,000067
2021-08-02,1.074,1.9,000067
2021-08-03,1.052,-2.05,000067
2021-08-04,1.092,3.8,000067
2021-08-05,1.088,-0.37,000067
2021-08-06,1.101,1.19,000067
2021-08-09,1.083,-1.63,000067
2021-08-10,1.08,-0.28,000067
2021-08-11,1.087,0.65,000067
2021-08-12,1.097,0.92,000067
2021-08-13,1.1,0.27,000067
2021-08-16,1.072,-2.55,000067
2021-08-17,1.04,-2.99,000067
2021-08-18,1.039,-0.1,000067
2021-08-19,1.061,2.12,000067
2021-08-20,1.06,-0.09,000067
2021-08-23,1.083,2.17,000067
2021-08-24,1.102,1.75,000067
2021-08-25,1.117,1.36,000067
2021-08-26,1.12,0.27,000067
2021-08-27,1.142,1.96,000067
2021-08-30,1.164,1.93,000067
2021-08-31,1.166,0.17,000067
2021-09-01,1.138,-2.4,000067
2021-09-02,1.173,3.08,000067
2021-09-03,1.146,-2.3,000067
2021-09-06,1.145,-0.09,000067
2021-09-07,1.184,3.41,000067
2021-09-08,1.169,-1.27,000067
2021-09-09,1.183,1.2,000067
2021-09-10,1.172,-0.93,000067
2021-09-13,1.176,0.34,000067
2021-09-14,1.172,-0.34,000067
2021-09-15,1.182,0.85,000067
2021-09-16,1.129,-4.48,000067
2021-09-17,1.124,-0.44,000067
2021-09-22,1.147,2.05,000067
2021-09-23,1.135,-1.05,000067
2021-09-24,1.112,-2.03,000067
2021-09-27,1.057,-4.95,000067
2021-09-28,1.052,-0.47,000067
2021-09-29,1.002,-4.75,000067
2021-09-30,1.032,2.99,000067
2021-10-08,1.015,-1.65,000067
2021-10-11,1.004,-1.08,000067
2021-10-12,0.979,-2.49,000067
2021-10-13,0.98,0.1,000067
2021-10-14,0.988,0.82,000067
2021-10-15,0.998,1.01,000067
2021-10-18,1.009,1.1,000067
2021-10-19,1.018,0.89,000067
2021-10-20,1.028,0.98,000067
2021-10-21,1.023,-0.49,000067
2021-10-22,1.013,-0.98,000067
2021-10-25,1.033,1.97,000067
2021-10-26,1.027,-0.58,000067
2021-10-27,1.03,0.29,000067
2021-10-28,1.002,-2.72,000067
2021-10-29,1.018,1.6,000067
2021-11-01,1.02,0.2,000067
2021-11-02,1.008,-1.18,000067
2021-11-03,1.004,-0.4,000067
2021-11-04,1.016,1.2,000067
2021-11-05,0.992,-2.36,000067
2021-11-08,1.008,1.61,000067
2021-11-09,1.018,0.99,000067
2021-11-10,1.015,-0.29,000067
2021-11-11,1.026,1.08,000067
2021-11-12,1.049,2.24,000067
2021-11-15,1.028,-2.0,000067
2021-11-16,1.015,-1.26,000067
2021-11-17,1.04,2.46,000067
2021-11-18,1.049,0.87,000067
2021-11-19,1.068,1.81,000067
2021-11-22,1.093,2.34,000067
2021-11-23,1.086,-0.64,000067
2021-11-24,1.075,-1.01,000067
2021-11-25,1.061,-1.3,000067
2021-11-26,1.076,1.41,000067
2021-11-29,1.105,2.7,000067
2021-11-30,1.103,-0.18,000067
2021-12-01,1.099,-0.36,000067
2021-12-02,1.097,-0.18,000067
2021-12-03,1.106,0.82,000067
2021-12-06,1.084,-1.99,000067
2021-12-07,1.049,-3.23,000067
2021-12-08,1.068,1.81,000067
2021-12-09,1.075,0.66,000067
2021-12-10,1.085,0.93,000067
2021-12-13,1.089,0.37,000067
2021-12-14,1.083,-0.55,000067
2021-12-15,1.08,-0.28,000067
2021-12-16,1.082,0.19,000067
2021-12-17,1.071,-1.02,000067
2021-12-20,1.051,-1.87,000067
2021-12-21,1.059,0.76,000067
2021-12-22,1.068,0.85,000067
2021-12-23,1.086,1.69,000067
2021-12-24,1.068,-1.66,000067
2021-12-27,1.057,-1.03,000067
2021-12-28,1.059,0.19,000067
2021-12-29,1.054,-0.47,000067
2021-12-30,1.064,0.95,000067
2021-12-31,1.077,1.22,000067
2022-01-04,1.065,-1.11,000067
2022-01-05,1.037,-2.63,000067
2022-01-06,1.033,-0.39,000067
2022-01-07,1.019,-1.36,000067
2022-01-10,1.022,0.29,000067
2022-01-11,1.004,-1.76,000067
2022-01-12,1.025,2.09,000067
2022-01-13,1.007,-1.76,000067
2022-01-14,1.006,-0.1,000067
2022-01-17,1.025,1.89,000067
2022-01-18,1.029,0.39,000067
2022-01-19,1.016,-1.26,000067
2022-01-20,1.016,0.0,000067
2022-01-21,1.005,-1.08,000067
2022-01-24,1.013,0.8,000067
2022-01-25,0.988,-2.47,000067
2022-01-26,0.996,0.81,000067
2022-01-27,0.981,-1.51,000067
2022-01-28,0.979,-0.2,000067
2022-02-07,0.989,1.02,000067
2022-02-08,0.984,-0.51,000067
2022-02-09,0.993,0.91,000067
2022-02-10,1.003,1.01,000067
2022-02-11,0.991,-1.2,000067
2022-02-14,0.947,-4.44,000067
2022-02-15,0.93,-1.8,000067
2022-02-16,0.929,-0.11,000067
2022-02-17,0.937,0.86,000067
2022-02-18,0.954,1.81,000067
2022-02-21,0.96,0.63,000067
2022-02-22,0.949,-1.15,000067
2022-02-23,0.957,0.84,000067
2022-02-24,0.942,-1.57,000067
2022-02-25,0.946,0.42,000067
2022-02-28,0.952,0.63,000067
2022-03-01,0.961,0.95,000067
2022-03-02,0.954,-0.73,000067
2022-03-03,0.937,-1.78,000067
2022-03-04,0.917,-2.13,000067
2022-03-07,0.892,-2.73,000067
2022-03-08,0.868,-2.69,000067
2022-03-09,0.864,-0.46,000067
2022-03-10,0.877,1.5,000067
2022-03-11,0.875,-0.23,000067
2022-03-14,0.859,-1.83,000067
2022-03-15,0.838,-2.44,000067
2022-03-16,0.87,3.82,000067
2022-03-17,0.874,0.46,000067
2022-03-18,0.879,0.57,000067
2022-03-21,0.884,0.57,000067
2022-03-22,0.875,-1.02,000067
2022-03-23,0.872,-0.34,000067
2022-03-24,0.858,-1.61,000067
2022-03-25,0.842,-1.86,000067
2022-03-28,0.836,-0.71,000067
2022-03-29,0.842,0.72,000067
2022-03-30,0.858,1.9,000067
2022-03-31,0.852,-0.7,000067
2022-04-01,0.865,1.53,000067
2022-04-06,0.858,-0.81,000067
2022-04-07,0.84,-2.1,000067
2022-04-08,0.84,0.0,000067
2022-04-11,0.824,-1.9,000067
2022-04-12,0.83,0.73,000067
2022-04-13,0.824,-0.72,000067
2022-04-14,0.832,0.97,000067
2022-04-15,0.83,-0.24,000067
2022-04-18,0.83,0.0,000067
2022-04-19,0.831,0.12,000067
2022-04-20,0.821,-1.2,000067
2022-04-21,0.813,-0.97,000067
2022-04-22,0.814,0.12,000067
2022-04-25,0.799,-1.84,000067
2022-04-26,0.798,-0.13,000067
2022-04-27,0.807,1.13,000067
2022-04-28,0.811,0.5,000067
2022-04-29,0.82,1.11,000067
2022-05-05,0.821,0.12,000067
2022-05-06,0.81,-1.34,000067
2022-05-09,0.807,-0.37,000067
2022-05-10,0.816,1.12,000067
2022-05-11,0.826,1.23,000067
2022-05-12,0.823,-0.36,000067
2022-05-13,0.829,0.73,000067
2022-05-16,0.828,-0.12,000067
2022-05-17,0.842,1.69,000067
2022-05-18,0.839,-0.36,000067
2022-05-19,0.847,0.95,000067
2022-05-20,0.856,1.06,000067
2022-05-23,0.86,0.47,000067
2022-05-24,0.84,-2.33,000067
2022-05-25,0.846,0.71,000067
2022-05-26,0.851,0.59,000067
2022-05-27,0.852,0.12,000067
2022-05-30,0.856,0.47,000067
2022-05-31,0.864,0.93,000067
2022-06-01,0.863,-0.12,000067
2022-06-02,0.869,0.7,000067
2022-06-06,0.889,2.3,000067
2022-06-07,0.89,0.11,000067
2022-06-08,0.895,0.56,000067
2022-06-09,0.886,-1.01,000067
2022-06-10,0.904,2.03,000067
2022-06-13,0.909,0.55,000067
2022-06-14,0.902,-0.77,000067
2022-06-15,0.898,-0.44,000067
2022-06-16,0.903,0.56,000067
2022-06-17,0.924,2.33,000067
2022-06-20,0.93,0.65,000067
2022-06-21,0.919,-1.18,000067
2022-06-22,0.921,0.22,000067
2022-06-23,0.941,2.17,000067
2022-06-24,0.956,1.59,000067
2022-06-27,0.972,1.67,000067
2022-06-28,0.976,0.41,000067
2022-06-29,0.949,-2.77,000067
2022-06-30,0.973,2.53,000067
2022-07-01,0.975,0.21,000067
2022-07-04,0.997,2.26,000067
2022-07-05,0.995,-0.2,000067
2022-07-06,0.988,-0.7,000067
2022-07-07,1.013,2.53,000067
2022-07-08,0.997,-1.58,000067
2022-07-11,0.987,-1.0,000067
2022-07-12,0.986,-0.1,000067
2022-07-13,0.997,1.12,000067
2022-07-14,1.024,2.71,000067
2022-07-15,1.03,0.59,000067
2022-07-18,1.046,1.55,000067
2022-07-19,1.036,-0.96,000067
2022-07-20,1.048,1.16,000067
2022-07-21,1.043,-0.48,000067
2022-07-22,1.038,-0.48,000067
2022-07-25,1.02,-1.73,000067
2022-07-26,1.04,1.96,000067
2022-07-27,1.057,1.63,000067
2022-07-28,1.054,-0.28,000067
2022-07-29,1.064,0.95,000067
2022-08-01,1.082,1.69,000067
2022-08-02,1.069,-1.2,000067
2022-08-03,1.05,-1.78,000067
2022-08-04,1.046,-0.38,000067
2022-08-05,1.041,-0.48,000067
2022-08-08,1.065,2.31,000067
2022-08-09,1.075,0.94,000067
2022-08-10,1.081,0.56,000067
2022-08-11,1.075,-0.56,000067
2022-08-12,1.066,-0.84,000067
2022-08-15,1.085,1.78,000067
2022-08-16,1.101,1.47,000067
2022-08-17,1.101,0.0,000067
2022-08-18,1.1,-0.09,000067
2022-08-19,1.069,-2.82,000067
2022-08-22,1.075,0.56,000067
2022-08-23,1.082,0.65,000067
2022-08-24,1.036,-4.25,000067
2022-08-25,1.019,-1.64,000067
2022-08-26,1.012,-0.69,000067
2022-08-29,1.011,-0.1,000067
2022-08-30,1.003,-0.79,000067
2022-08-31,0.96,-4.29,000067
2022-09-01,0.961,0.1,000067
2022-09-02,0.964,0.31,000067
2022-09-05,0.976,1.24,000067
2022-09-06,1.007,3.18,000067
2022-09-07,1.018,1.09,000067
2022-09-08,1.003,-1.47,000067
2022-09-09,0.993,-1.0,000067
2022-09-13,0.995,0.2,000067
2022-09-14,0.984,-1.11,000067
2022-09-15,0.942,-4.27,000067
2022-09-16,0.93,-1.27,000067
2022-09-19,0.923,-0.75,000067
2022-09-20,0.94,1.84,000067
2022-09-21,0.939,-0.11,000067
2022-09-22,0.941,0.21,000067
2022-09-23,0.925,-1.7,000067
2022-09-26,0.932,0.76,000067
2022-09-27,0.944,1.29,000067
2022-09-28,0.919,-2.65,000067
2022-09-29,0.916,-0.33,000067
2022-09-30,0.9,-1.75,000067
2022-10-10,0.886,-1.56,000067
2022-10-11,0.896,1.13,000067
2022-10-12,0.923,3.01,000067
2022-10-13,0.925,0.22,000067
2022-10-14,0.943,1.95,000067
2022-10-17,0.932,-1.17,000067
2022-10-18,0.941,0.97,000067
2022-10-19,0.932,-0.96,000067
2022-10-20,0.912,-2.15,000067
2022-10-21,0.916,0.44,000067
2022-10-24,0.902,-1.53,000067
2022-10-25,0.895,-0.78,000067
2022-10-26,0.9,0.56,000067
2022-10-27,0.89,-1.11,000067
2022-10-28,0.868,-2.47,000067
2022-10-31,0.867,-0.12,000067
2022-11-01,0.878,1.27,000067
2022-11-02,0.889,1.25,000067
2022-11-03,0.887,-0.22,000067
2022-11-04,0.91,2.59,000067
2022-11-07,0.897,-1.43,000067
2022-11-08,0.888,-1.0,000067
2022-11-09,0.883,-0.56,000067
2022-11-10,0.872,-1.25,000067
2022-11-11,0.876,0.46,000067
2022-11-14,0.854,-2.51,000067
2022-11-15,0.856,0.23,000067
2022-11-16,0.843,-1.52,000067
2022-11-17,0.83,-1.54,000067
2022-11-18,0.826,-0.48,000067
2022-11-21,0.825,-0.12,000067
2022-11-22,0.82,-0.61,000067
2022-11-23,0.818,-0.24,000067
2022-11-24,0.823,0.61,000067
2022-11-25,0.82,-0.36,000067
2022-11-28,0.815,-0.61,000067
2022-11-29,0.828,1.6,000067
2022-11-30,0.828,0.0,000067
2022-12-01,0.832,0.48,000067
2022-12-02,0.832,0.0,000067
2022-12-05,0.836,0.48,000067
2022-12-06,0.838,0.24,000067
2022-12-07,0.832,-0.72,000067
2022-12-08,0.832,0.0,000067
2022-12-09,0.834,0.24,000067
2022-12-12,0.829,-0.6,000067
2022-12-13,0.818,-1.33,000067
2022-12-14,0.817,-0.12,000067
2022-12-15,0.813,-0.49,000067
2022-12-16,0.806,-0.86,000067
2022-12-19,0.794,-1.49,000067
2022-12-20,0.786,-1.01,000067
2022-12-21,0.787,0.13,000067
2022-12-22,0.784,-0.38,000067
2022-12-23,0.782,-0.26,000067
2022-12-26,0.787,0.64,000067
2022-12-27,0.799,1.52,000067
2022-12-28,0.794,-0.63,000067
2022-12-29,0.789,-0.63,000067
2022-12-30,0.791,0.25,000067
2022-12-31,0.791,0.0,000067
2023-01-02,0.791,0.0,000067
2023-01-03,0.799,1.01,000067
2023-01-04,0.803,0.5,000067
2023-01-05,0.82,2.12,000067
2023-01-06,0.822,0.24,000067
2023-01-09,0.828,0.73,000067
2023-01-10,0.827,-0.12,000067
2023-01-11,0.823,-0.48,000067
2023-01-12,0.825,0.24,000067
2023-01-13,0.829,0.48,000067
2023-01-16,0.837,0.97,000067
2023-01-17,0.841,0.48,000067
2023-01-18,0.842,0.12,000067
2023-01-19,0.845,0.36,000067
2023-01-20,0.852,0.83,000067
2023-01-30,0.855,0.35,000067
2023-01-31,0.848,-0.82,000067
2023-02-01,0.856,0.94,000067
2023-02-02,0.859,0.35,000067
2023-02-03,0.851,-0.93,000067
2023-02-06,0.836,-1.76,000067
2023-02-07,0.838,0.24,000067
2023-02-08,0.835,-0.36,000067
2023-02-09,0.849,1.68,000067
2023-02-10,0.845,-0.47,000067
2023-02-13,0.856,1.3,000067
2023-02-14,0.854,-0.23,000067
2023-02-15,0.85,-0.47,000067
2023-02-16,0.839,-1.29,000067
2023-02-17,0.826,-1.55,000067
2023-02-20,0.842,1.94,000067
2023-02-21,0.843,0.12,000067
2023-02-22,0.841,-0.24,000067
2023-02-23,0.842,0.12,000067
2023-02-24,0.834,-0.95,000067
2023-02-27,0.831,-0.36,000067
2023-02-28,0.832,0.12,000067
2023-03-01,0.838,0.72,000067
2023-03-02,0.835,-0.36,000067
2023-03-03,0.835,0.0,000067
2023-03-06,0.837,0.24,000067
2023-03-07,0.823,-1.67,000067
2023-03-08,0.819,-0.49,000067
2023-03-09,0.82,0.12,000067
2023-03-10,0.811,-1.1,000067
2023-03-13,0.819,0.99,000067
2023-03-14,0.815,-0.49,000067
2023-03-15,0.815,0.0,000067
2023-03-16,0.805,-1.23,000067
2023-03-17,0.809,0.5,000067
2023-03-20,0.802,-0.87,000067
2023-03-21,0.808,0.75,000067
2023-03-22,0.814,0.74,000067
2023-03-23,0.818,0.49,000067
2023-03-24,0.816,-0.24,000067
2023-03-27,0.812,-0.49,000067
2023-03-28,0.804,-0.99,000067
2023-03-29,0.8,-0.5,000067
2023-03-30,0.802,0.25,000067
2023-03-31,0.812,1.25,000067
2023-04-03,0.823,1.35,000067
2023-04-04,0.823,0.0,000067
2023-04-06,0.825,0.24,000067
2023-04-07,0.832,0.85,000067
2023-04-10,0.821,-1.32,000067
2023-04-11,0.815,-0.73,000067
2023-04-12,0.819,0.49,000067
2023-04-13,0.811,-0.98,000067
2023-04-14,0.819,0.99,000067
2023-04-17,0.825,0.73,000067
2023-04-18,0.828,0.36,000067
2023-04-19,0.823,-0.6,000067
2023-04-20,0.824,0.12,000067
2023-04-21,0.806,-2.18,000067
2023-04-24,0.792,-1.74,000067
2023-04-25,0.794,0.25,000067
2023-04-26,0.796,0.25,000067
2023-04-27,0.802,0.75,000067
2023-04-28,0.81,1.0,000067
2023-05-04,0.815,0.62,000067
2023-05-05,0.803,-1.47,000067
2023-05-08,0.807,0.5,000067
2023-05-09,0.798,-1.12,000067
2023-05-10,0.788,-1.25,000067
2023-05-11,0.787,-0.13,000067
2023-05-12,0.78,-0.89,000067
2023-05-15,0.783,0.38,000067
2023-05-16,0.786,0.38,000067
2023-05-17,0.788,0.25,000067
2023-05-18,0.792,0.51,000067
2023-05-19,0.79,-0.25,000067
2023-05-22,0.793,0.38,000067
2023-05-23,0.784,-1.13,000067
2023-05-24,0.777,-0.89,000067
2023-05-25,0.777,0.0,000067
2023-05-26,0.781,0.51,000067
2023-05-29,0.782,0.13,000067
2023-05-30,0.78,-0.26,000067
2023-05-31,0.782,0.26,000067
2023-06-01,0.784,0.26,000067
2023-06-02,0.789,0.64,000067
2023-06-05,0.789,0.0,000067
2023-06-06,0.783,-0.76,000067
2023-06-07,0.784,0.13,000067
2023-06-08,0.783,-0.13,000067
2023-06-09,0.792,1.15,000067
2023-06-12,0.791,-0.13,000067
2023-06-13,0.796,0.63,000067
2023-06-14,0.798,0.25,000067
2023-06-15,0.797,-0.13,000067
2023-06-16,0.8,0.38,000067
2023-06-19,0.804,0.5,000067
2023-06-20,0.805,0.12,000067
2023-06-21,0.791,-1.74,000067
2023-06-26,0.776,-1.9,000067
2023-06-27,0.782,0.77,000067
2023-06-28,0.781,-0.13,000067
2023-06-29,0.782,0.13,000067
2023-06-30,0.781,-0.13,000067
2023-07-03,0.78,-0.13,000067
2023-07-04,0.78,0.0,000067
2023-07-05,0.776,-0.51,000067
2023-07-06,0.773,-0.39,000067
2023-07-07,0.774,0.13,000067
2023-07-10,0.772,-0.26,000067
2023-07-11,0.775,0.39,000067
2023-07-12,0.771,-0.52,000067
2023-07-13,0.777,0.78,000067
2023-07-14,0.775,-0.26,000067
2023-07-17,0.773,-0.26,000067
2023-07-18,0.773,0.0,000067
2023-07-19,0.773,0.0,000067
2023-07-20,0.771,-0.26,000067
2023-07-21,0.772,0.13,000067
2023-07-24,0.771,-0.13,000067
2023-07-25,0.778,0.91,000067
2023-07-26,0.776,-0.26,000067
2023-07-27,0.776,0.0,000067
2023-07-28,0.784,1.03,000067
2023-07-31,0.784,0.0,000067
2023-08-01,0.78,-0.51,000067
2023-08-02,0.78,0.0,000067
2023-08-03,0.786,0.77,000067
2023-08-04,0.79,0.51,000067
2023-08-07,0.783,-0.89,000067
2023-08-08,0.784,0.13,000067
2023-08-09,0.782,-0.26,000067
2023-08-10,0.783,0.13,000067
2023-08-11,0.777,-0.77,000067
2023-08-14,0.774,-0.39,000067
2023-08-15,0.775,0.13,000067
2023-08-16,0.773,-0.26,000067
2023-08-17,0.777,0.52,000067
2023-08-18,0.773,-0.51,000067
2023-08-21,0.769,-0.52,000067
2023-08-22,0.767,-0.26,000067
2023-08-23,0.762,-0.65,000067
2023-08-24,0.761,-0.13,000067
2023-08-25,0.76,-0.13,000067
2023-08-28,0.76,0.0,000067
2023-08-29,0.763,0.39,000067
2023-08-30,0.761,-0.26,000067
2023-08-31,0.76,-0.13,000067
2023-09-01,0.765,0.66,000067
2023-09-04,0.769,0.52,000067
2023-09-05,0.766,-0.39,000067
2023-09-06,0.763,-0.39,000067
2023-09-07,0.756,-0.92,000067
2023-09-08,0.754,-0.26,000067
2023-09-11,0.758,0.53,000067
2023-09-12,0.756,-0.26,000067
2023-09-13,0.756,0.0,000067
2023-09-14,0.761,0.66,000067
2023-09-15,0.759,-0.26,000067
2023-09-18,0.76,0.13,000067
2023-09-19,0.761,0.13,000067
2023-09-20,0.759,-0.26,000067
2023-09-21,0.755,-0.53,000067
2023-09-22,0.756,0.13,000067
2023-09-25,0.756,0.0,000067
2023-09-26,0.755,-0.13,000067
2023-09-27,0.753,-0.26,000067
2023-09-28,0.755,0.27,000067
2023-10-09,0.757,0.26,000067
2023-10-10,0.754,-0.4,000067
2023-10-11,0.748,-0.8,000067
2023-10-12,0.752,0.53,000067
2023-10-13,0.751,-0.13,000067
2023-10-16,0.751,0.0,000067
2023-10-17,0.749,-0.27,000067
2023-10-18,0.742,-0.93,000067
2023-10-19,0.732,-1.35,000067
2023-10-20,0.727,-0.68,000067
2023-10-23,0.717,-1.38,000067
2023-10-24,0.727,1.39,000067
2023-10-25,0.732,0.69,000067
2023-10-26,0.733,0.14,000067
2023-10-27,0.732,-0.14,000067
2023-10-30,0.728,-0.55,000067
2023-10-31,0.727,-0.14,000067
2023-11-01,0.723,-0.55,000067
2023-11-02,0.722,-0.14,000067
2023-11-03,0.723,0.14,000067
2023-11-06,0.724,0.14,000067
2023-11-07,0.724,0.0,000067
2023-11-08,0.719,-0.69,000067
2023-11-09,0.72,0.14,000067
2023-11-10,0.719,-0.14,000067
2023-11-13,0.72,0.14,000067
2023-11-14,0.72,0.0,000067
2023-11-15,0.724,0.56,000067
2023-11-16,0.721,-0.41,000067
2023-11-17,0.719,-0.28,000067
2023-11-20,0.72,0.14,000067
2023-11-21,0.72,0.0,000067
2023-11-22,0.714,-0.83,000067
2023-11-23,0.716,0.28,000067
2023-11-24,0.714,-0.28,000067
2023-11-27,0.716,0.28,000067
2023-11-28,0.718,0.28,000067
2023-11-29,0.72,0.28,000067
2023-11-30,0.721,0.14,000067
2023-12-01,0.723,0.28,000067
2023-12-04,0.727,0.55,000067
2023-12-05,0.72,-0.96,000067
2023-12-06,0.72,0.0,000067
2023-12-07,0.72,0.0,000067
2023-12-08,0.72,0.0,000067
2023-12-11,0.724,0.56,000067
2023-12-12,0.725,0.14,000067
2023-12-13,0.722,-0.41,000067
2023-12-14,0.722,0.0,000067
2023-12-15,0.717,-0.69,000067
2023-12-18,0.717,0.0,000067
2023-12-19,0.714,-0.42,000067
2023-12-20,0.716,0.28,000067
2023-12-21,0.717,0.14,000067
2023-12-22,0.719,0.28,000067
2023-12-25,0.72,0.14,000067
2023-12-26,0.713,-0.97,000067
2023-12-27,0.72,0.98,000067
2023-12-28,0.72,0.0,000067
2023-12-29,0.726,0.83,000067
2023-12-31,0.726,0.0,000067
2024-01-02,0.732,0.83,000067
2024-01-03,0.732,0.0,000067
2024-01-04,0.733,0.14,000067
2024-01-05,0.729,-0.55,000067
2024-01-08,0.723,-0.82,000067
2024-01-09,0.727,0.55,000067
2024-01-10,0.721,-0.83,000067
2024-01-11,0.718,-0.42,000067
2024-01-12,0.721,0.42,000067
2024-01-15,0.719,-0.28,000067
2024-01-16,0.718,-0.14,000067
2024-01-17,0.709,-1.25,000067
2024-01-18,0.705,-0.56,000067
2024-01-19,0.7,-0.71,000067
2024-01-22,0.683,-2.43,000067
2024-01-23,0.689,0.88,000067
2024-01-24,0.696,1.02,000067
2024-01-25,0.709,1.87,000067
2024-01-26,0.714,0.71,000067
2024-01-29,0.712,-0.28,000067
2024-01-30,0.705,-0.98,000067
2024-01-31,0.706,0.14,000067
2024-02-01,0.702,-0.57,000067
2024-02-02,0.702,0.0,000067
2024-02-05,0.703,0.14,000067
2024-02-06,0.712,1.28,000067
2024-02-07,0.718,0.84,000067
2024-02-08,0.717,-0.14,000067
2024-02-19,0.731,1.95,000067
2024-02-20,0.742,1.5,000067
2024-02-21,0.746,0.54,000067
2024-02-22,0.767,2.82,000067
2024-02-23,0.76,-0.91,000067
2024-02-26,0.749,-1.45,000067
2024-02-27,0.753,0.53,000067
2024-02-28,0.747,-0.8,000067
2024-02-29,0.748,0.13,000067
2024-03-01,0.75,0.27,000067
2024-03-04,0.758,1.07,000067
2024-03-05,0.758,0.0,000067
2024-03-06,0.762,0.53,000067
2024-03-07,0.768,0.79,000067
2024-03-08,0.768,0.0,000067
2024-03-11,0.76,-1.04,000067
2024-03-12,0.742,-2.37,000067
2024-03-13,0.743,0.13,000067
2024-03-14,0.746,0.4,000067
2024-03-15,0.751,0.67,000067
2024-03-18,0.748,-0.4,000067
2024-03-19,0.751,0.4,000067
2024-03-20,0.753,0.27,000067
2024-03-21,0.756,0.4,000067
2024-03-22,0.755,-0.13,000067
2024-03-25,0.756,0.13,000067
2024-03-26,0.749,-0.93,000067
2024-03-27,0.744,-0.67,000067
2024-03-28,0.749,0.67,000067
2024-03-29,0.761,1.6,000067
2024-04-01,0.761,0.0,000067
2024-04-02,0.763,0.26,000067
2024-04-03,0.773,1.31,000067
2024-04-08,0.772,-0.13,000067
2024-04-09,0.771,-0.13,000067
2024-04-10,0.778,0.91,000067
2024-04-11,0.784,0.77,000067
2024-04-12,0.787,0.38,000067
2024-04-15,0.794,0.89,000067
2024-04-16,0.788,-0.76,000067
2024-04-17,0.795,0.89,000067
2024-04-18,0.797,0.25,000067
2024-04-19,0.799,0.25,000067
2024-04-22,0.78,-2.38,000067
2024-04-23,0.77,-1.28,000067
2024-04-24,0.773,0.39,000067
2024-04-25,0.774,0.13,000067
2024-04-26,0.781,0.9,000067
2024-04-29,0.772,-1.15,000067
2024-04-30,0.78,1.04,000067
2024-05-06,0.786,0.77,000067
2024-05-07,0.789,0.38,000067
2024-05-08,0.793,0.51,000067
2024-05-09,0.803,1.26,000067
2024-05-10,0.81,0.87,000067
2024-05-13,0.809,-0.12,000067
2024-05-14,0.812,0.37,000067
2024-05-15,0.808,-0.49,000067
2024-05-16,0.806,-0.25,000067
2024-05-17,0.807,0.12,000067
2024-05-20,0.824,2.11,000067
2024-05-21,0.818,-0.73,000067
2024-05-22,0.814,-0.49,000067
2024-05-23,0.802,-1.47,000067
2024-05-24,0.806,0.5,000067
2024-05-27,0.822,1.99,000067
2024-05-28,0.823,0.12,000067
2024-05-29,0.828,0.61,000067
2024-05-30,0.815,-1.57,000067
2024-05-31,0.812,-0.37,000067
2024-06-03,0.804,-0.99,000067
2024-06-04,0.811,0.87,000067
2024-06-05,0.804,-0.86,000067
2024-06-06,0.81,0.75,000067
2024-06-07,0.815,0.62,000067
2024-06-11,0.809,-0.74,000067
2024-06-12,0.82,1.36,000067
2024-06-13,0.809,-1.34,000067
2024-06-14,0.809,0.0,000067
2024-06-17,0.8,-1.11,000067
2024-06-18,0.8,0.0,000067
2024-06-19,0.803,0.38,000067
2024-06-20,0.806,0.37,000067
2024-06-21,0.807,0.12,000067
2024-06-24,0.793,-1.73,000067
2024-06-25,0.793,0.0,000067
2024-06-26,0.795,0.25,000067
2024-06-27,0.793,-0.25,000067
2024-06-28,0.807,1.77,000067
2024-06-30,0.807,0.0,000067
2024-07-01,0.822,1.86,000067
2024-07-02,0.816,-0.73,000067
2024-07-03,0.804,-1.47,000067
2024-07-04,0.803,-0.12,000067
2024-07-05,0.807,0.5,000067
2024-07-08,0.802,-0.62,000067
2024-07-09,0.812,1.25,000067
2024-07-10,0.795,-2.09,000067
2024-07-11,0.8,0.63,000067
2024-07-12,0.79,-1.25,000067
2024-07-15,0.797,0.89,000067
2024-07-16,0.793,-0.5,000067
2024-07-17,0.778,-1.89,000067
2024-07-18,0.782,0.51,000067
2024-07-19,0.777,-0.64,000067
2024-07-22,0.765,-1.54,000067
2024-07-23,0.75,-1.96,000067
2024-07-24,0.753,0.4,000067
2024-07-25,0.75,-0.4,000067
2024-07-26,0.752,0.27,000067
2024-07-29,0.755,0.4,000067
2024-07-30,0.746,-1.19,000067
2024-07-31,0.754,1.07,000067
2024-08-01,0.755,0.13,000067
2024-08-02,0.754,-0.13,000067
2024-08-05,0.739,-1.99,000067
2024-08-06,0.734,-0.68,000067
2024-08-07,0.741,0.95,000067
2024-08-08,0.739,-0.27,000067
2024-08-09,0.738,-0.14,000067
2024-08-12,0.735,-0.41,000067
2024-08-13,0.735,0.0,000067
2024-08-14,0.734,-0.14,000067
2024-08-15,0.735,0.14,000067
2024-08-16,0.729,-0.82,000067
2024-08-19,0.735,0.82,000067
2024-08-20,0.725,-1.36,000067
2024-08-21,0.721,-0.55,000067
2024-08-22,0.725,0.55,000067
2024-08-23,0.722,-0.41,000067
2024-08-26,0.715,-0.97,000067
2024-08-27,0.712,-0.42,000067
2024-08-28,0.709,-0.42,000067
2024-08-29,0.702,-0.99,000067
2024-08-30,0.703,0.14,000067
2024-09-02,0.703,0.0,000067
2024-09-03,0.696,-1.0,000067
2024-09-04,0.692,-0.57,000067
2024-09-05,0.692,0.0,000067
2024-09-06,0.688,-0.58,000067
2024-09-09,0.68,-1.16,000067
2024-09-10,0.679,-0.15,000067
2024-09-11,0.671,-1.18,000067
2024-09-12,0.672,0.15,000067
2024-09-13,0.671,-0.15,000067
2024-09-18,0.673,0.3,000067
2024-09-19,0.677,0.59,000067
2024-09-20,0.68,0.44,000067
2024-09-23,0.68,0.0,000067
2024-09-24,0.699,2.79,000067
2024-09-25,0.704,0.72,000067
2024-09-26,0.715,1.56,000067
2024-09-27,0.72,0.7,000067
2024-09-30,0.744,3.33,000067
2024-10-08,0.748,0.54,000067
2024-10-09,0.701,-6.28,000067
2024-10-10,0.715,2.0,000067
2024-10-11,0.704,-1.54,000067
2024-10-14,0.721,2.41,000067
2024-10-15,0.711,-1.39,000067
2024-10-16,0.715,0.56,000067
2024-10-17,0.713,-0.28,000067
2024-10-18,0.722,1.26,000067
2024-10-21,0.729,0.97,000067
2024-10-22,0.728,-0.14,000067
2024-10-23,0.731,0.41,000067
2024-10-24,0.722,-1.23,000067
2024-10-25,0.724,0.28,000067
2024-10-28,0.725,0.14,000067
2024-10-29,0.717,-1.1,000067
2024-10-30,0.711,-0.84,000067
2024-10-31,0.714,0.42,000067
2024-11-01,0.712,-0.28,000067
2024-11-04,0.716,0.56,000067
2024-11-05,0.73,1.96,000067
2024-11-06,0.728,-0.27,000067
2024-11-07,0.739,1.51,000067
2024-11-08,0.742,0.41,000067
2024-11-11,0.755,1.75,000067
2024-11-12,0.75,-0.66,000067
2024-11-13,0.751,0.13,000067
2024-11-14,0.737,-1.86,000067
2024-11-15,0.728,-1.22,000067
2024-11-18,0.717,-1.51,000067
2024-11-19,0.725,1.12,000067
2024-11-20,0.73,0.69,000067
2024-11-21,0.729,-0.14,000067
2024-11-22,0.716,-1.78,000067
2024-11-25,0.714,-0.28,000067
2024-11-26,0.71,-0.56,000067
2024-11-27,0.713,0.42,000067
2024-11-28,0.713,0.0,000067
2024-11-29,0.72,0.98,000067
2024-12-02,0.726,0.83,000067
2024-12-03,0.727,0.14,000067
2024-12-04,0.725,-0.28,000067
2024-12-05,0.728,0.41,000067
2024-12-06,0.731,0.41,000067
2024-12-09,0.733,0.27,000067
2024-12-10,0.74,0.95,000067
2024-12-11,0.746,0.81,000067
2024-12-12,0.753,0.94,000067
2024-12-13,0.747,-0.8,000067
2024-12-16,0.743,-0.54,000067
2024-12-17,0.738,-0.67,000067
2024-12-18,0.742,0.54,000067
2024-12-19,0.741,-0.13,000067
2024-12-20,0.745,0.54,000067
2024-12-23,0.743,-0.27,000067
2024-12-24,0.748,0.67,000067
2024-12-25,0.747,-0.13,000067
2024-12-26,0.75,0.4,000067
2024-12-27,0.752,0.27,000067
2024-12-30,0.752,0.0,000067
2024-12-31,0.745,-0.93,000067
2025-01-02,0.737,-1.07,000067
2025-01-03,0.735,-0.27,000067
2025-01-06,0.732,-0.41,000067
2025-01-07,0.739,0.96,000067
2025-01-08,0.739,0.0,000067
2025-01-09,0.738,-0.14,000067
2025-01-10,0.736,-0.27,000067
2025-01-13,0.734,-0.27,000067
2025-01-14,0.744,1.36,000067
2025-01-15,0.746,0.27,000067
2025-01-16,0.745,-0.13,000067
2025-01-17,0.746,0.13,000067
2025-01-20,0.748,0.27,000067
2025-01-21,0.751,0.4,000067
2025-01-22,0.748,-0.4,000067
2025-01-23,0.749,0.13,000067
2025-01-24,0.752,0.4,000067
2025-01-27,0.754,0.27,000067
2025-02-05,0.756,0.27,000067
2025-02-06,0.762,0.79,000067
2025-02-07,0.767,0.66,000067
2025-02-10,0.768,0.13,000067
2025-02-11,0.768,0.0,000067
2025-02-12,0.771,0.39,000067
2025-02-13,0.768,-0.39,000067
2025-02-14,0.772,0.52,000067
2025-02-17,0.772,0.0,000067
2025-02-18,0.766,-0.78,000067
2025-02-19,0.773,0.91,000067
2025-02-20,0.772,-0.13,000067
2025-02-21,0.778,0.78,000067
2025-02-24,0.775,-0.39,000067
2025-02-25,0.773,-0.26,000067
2025-02-26,0.78,0.91,000067
2025-02-27,0.776,-0.51,000067
2025-02-28,0.76,-2.06,000067
2025-03-03,0.755,-0.66,000067
2025-03-04,0.758,0.4,000067
2025-03-05,0.758,0.0,000067
2025-03-06,0.76,0.26,000067
2025-03-07,0.761,0.13,000067
2025-03-10,0.761,0.0,000067
2025-03-11,0.761,0.0,000067
2025-03-12,0.76,-0.13,000067
2025-03-13,0.76,0.0,000067
2025-03-14,0.764,0.53,000067
2025-03-17,0.766,0.26,000067
2025-03-18,0.765,-0.13,000067
2025-03-19,0.764,-0.13,000067
2025-03-20,0.762,-0.26,000067
2025-03-21,0.758,-0.52,000067
2025-03-24,0.756,-0.26,000067
2025-03-25,0.76,0.53,000067
2025-03-26,0.761,0.13,000067
2025-03-27,0.761,0.0,000067
2025-03-28,0.757,-0.53,000067
2025-03-31,0.753,-0.53,000067
2025-04-01,0.758,0.66,000067
2025-04-02,0.76,0.26,000067
2025-04-03,0.759,-0.13,000067
2025-04-07,0.726,-4.35,000067
2025-04-08,0.737,1.52,000067
2025-04-09,0.743,0.81,000067
2025-04-10,0.75,0.94,000067
2025-04-11,0.747,-0.4,000067
2025-04-14,0.751,0.54,000067
